login,project,repository,category,status,evidence_type,pr_count,merged_by_cutoff,evidence_urls
3coins,andrii-i/nb-cli,andrii-i/nb-cli,non_jupyter,excluded_fork,recent_pr_activity,5,4,https://github.com/andrii-i/nb-cli/pull/1;https://github.com/andrii-i/nb-cli/pull/2;https://github.com/andrii-i/nb-cli/pull/3;https://github.com/andrii-i/nb-cli/pull/4;https://github.com/andrii-i/nb-cli/pull/5
3coins,Jupyter AI Contrib,jupyter-ai-contrib/jupyter-ai-acp-client,adjacent_jupyter,included,recent_pr_activity,4,3,https://github.com/jupyter-ai-contrib/jupyter-ai-acp-client/pull/70;https://github.com/jupyter-ai-contrib/jupyter-ai-acp-client/pull/87;https://github.com/jupyter-ai-contrib/jupyter-ai-acp-client/pull/99;https://github.com/jupyter-ai-contrib/jupyter-ai-acp-client/pull/101
3coins,Jupyter AI Contrib,jupyter-ai-contrib/jupyter-server-documents,adjacent_jupyter,included,recent_pr_activity,4,2,https://github.com/jupyter-ai-contrib/jupyter-server-documents/pull/198;https://github.com/jupyter-ai-contrib/jupyter-server-documents/pull/203;https://github.com/jupyter-ai-contrib/jupyter-server-documents/pull/207;https://github.com/jupyter-ai-contrib/jupyter-server-documents/pull/209
3coins,Jupyter AI Contrib,jupyter-ai-contrib/nb-cli,adjacent_jupyter,included,recent_pr_activity,38,35,https://github.com/jupyter-ai-contrib/nb-cli/pull/1;https://github.com/jupyter-ai-contrib/nb-cli/pull/2;https://github.com/jupyter-ai-contrib/nb-cli/pull/3;https://github.com/jupyter-ai-contrib/nb-cli/pull/5;https://github.com/jupyter-ai-contrib/nb-cli/pull/6;https://github.com/jupyter-ai-contrib/nb-cli/pull/7;https://github.com/jupyter-ai-contrib/nb-cli/pull/21;https://github.com/jupyter-ai-contrib/nb-cli/pull/23;https://github.com/jupyter-ai-contrib/nb-cli/pull/29;https://github.com/jupyter-ai-contrib/nb-cli/pull/35;https://github.com/jupyter-ai-contrib/nb-cli/pull/37;https://github.com/jupyter-ai-contrib/nb-cli/pull/38;https://github.com/jupyter-ai-contrib/nb-cli/pull/47;https://github.com/jupyter-ai-contrib/nb-cli/pull/49;https://github.com/jupyter-ai-contrib/nb-cli/pull/52;https://github.com/jupyter-ai-contrib/nb-cli/pull/54;https://github.com/jupyter-ai-contrib/nb-cli/pull/55;https://github.com/jupyter-ai-contrib/nb-cli/pull/58;https://github.com/jupyter-ai-contrib/nb-cli/pull/66;https://github.com/jupyter-ai-contrib/nb-cli/pull/77;https://github.com/jupyter-ai-contrib/nb-cli/pull/78;https://github.com/jupyter-ai-contrib/nb-cli/pull/79;https://github.com/jupyter-ai-contrib/nb-cli/pull/84;https://github.com/jupyter-ai-contrib/nb-cli/pull/98;https://github.com/jupyter-ai-contrib/nb-cli/pull/99;https://github.com/jupyter-ai-contrib/nb-cli/pull/101;https://github.com/jupyter-ai-contrib/nb-cli/pull/102;https://github.com/jupyter-ai-contrib/nb-cli/pull/103;https://github.com/jupyter-ai-contrib/nb-cli/pull/104;https://github.com/jupyter-ai-contrib/nb-cli/pull/105;https://github.com/jupyter-ai-contrib/nb-cli/pull/107;https://github.com/jupyter-ai-contrib/nb-cli/pull/108;https://github.com/jupyter-ai-contrib/nb-cli/pull/109;https://github.com/jupyter-ai-contrib/nb-cli/pull/110;https://github.com/jupyter-ai-contrib/nb-cli/pull/112;https://github.com/jupyter-ai-contrib/nb-cli/pull/114;https://github.com/jupyter-ai-contrib/nb-cli/pull/115;https://github.com/jupyter-ai-contrib/nb-cli/pull/116
3coins,LangChain AWS,langchain-ai/langchain-aws,non_jupyter,included,recent_pr_activity,4,3,https://github.com/langchain-ai/langchain-aws/pull/1189;https://github.com/langchain-ai/langchain-aws/pull/1190;https://github.com/langchain-ai/langchain-aws/pull/1203;https://github.com/langchain-ai/langchain-aws/pull/1338
afshin,correxit/correxit,correxit/correxit,adjacent_jupyter,included,recent_pr_activity,76,75,https://github.com/correxit/correxit/pull/2;https://github.com/correxit/correxit/pull/5;https://github.com/correxit/correxit/pull/7;https://github.com/correxit/correxit/pull/9;https://github.com/correxit/correxit/pull/10;https://github.com/correxit/correxit/pull/11;https://github.com/correxit/correxit/pull/12;https://github.com/correxit/correxit/pull/13;https://github.com/correxit/correxit/pull/16;https://github.com/correxit/correxit/pull/17;https://github.com/correxit/correxit/pull/18;https://github.com/correxit/correxit/pull/21;https://github.com/correxit/correxit/pull/30;https://github.com/correxit/correxit/pull/31;https://github.com/correxit/correxit/pull/37;https://github.com/correxit/correxit/pull/38;https://github.com/correxit/correxit/pull/39;https://github.com/correxit/correxit/pull/40;https://github.com/correxit/correxit/pull/41;https://github.com/correxit/correxit/pull/42;https://github.com/correxit/correxit/pull/43;https://github.com/correxit/correxit/pull/44;https://github.com/correxit/correxit/pull/45;https://github.com/correxit/correxit/pull/46;https://github.com/correxit/correxit/pull/47;https://github.com/correxit/correxit/pull/48;https://github.com/correxit/correxit/pull/49;https://github.com/correxit/correxit/pull/50;https://github.com/correxit/correxit/pull/51;https://github.com/correxit/correxit/pull/52;https://github.com/correxit/correxit/pull/53;https://github.com/correxit/correxit/pull/54;https://github.com/correxit/correxit/pull/55;https://github.com/correxit/correxit/pull/56;https://github.com/correxit/correxit/pull/57;https://github.com/correxit/correxit/pull/58;https://github.com/correxit/correxit/pull/59;https://github.com/correxit/correxit/pull/60;https://github.com/correxit/correxit/pull/61;https://github.com/correxit/correxit/pull/63;https://github.com/correxit/correxit/pull/64;https://github.com/correxit/correxit/pull/65;https://github.com/correxit/correxit/pull/67;https://github.com/correxit/correxit/pull/68;https://github.com/correxit/correxit/pull/70;https://github.com/correxit/correxit/pull/71;https://github.com/correxit/correxit/pull/72;https://github.com/correxit/correxit/pull/73;https://github.com/correxit/correxit/pull/74;https://github.com/correxit/correxit/pull/75;https://github.com/correxit/correxit/pull/76;https://github.com/correxit/correxit/pull/77;https://github.com/correxit/correxit/pull/78;https://github.com/correxit/correxit/pull/79;https://github.com/correxit/correxit/pull/80;https://github.com/correxit/correxit/pull/81;https://github.com/correxit/correxit/pull/82;https://github.com/correxit/correxit/pull/83;https://github.com/correxit/correxit/pull/84;https://github.com/correxit/correxit/pull/86;https://github.com/correxit/correxit/pull/87;https://github.com/correxit/correxit/pull/88;https://github.com/correxit/correxit/pull/89;https://github.com/correxit/correxit/pull/90;https://github.com/correxit/correxit/pull/91;https://github.com/correxit/correxit/pull/92;https://github.com/correxit/correxit/pull/93;https://github.com/correxit/correxit/pull/94;https://github.com/correxit/correxit/pull/95;https://github.com/correxit/correxit/pull/96;https://github.com/correxit/correxit/pull/97;https://github.com/correxit/correxit/pull/98;https://github.com/correxit/correxit/pull/99;https://github.com/correxit/correxit/pull/100;https://github.com/correxit/correxit/pull/101;https://github.com/correxit/correxit/pull/102
agoose77,2i2c deployments,2i2c-org/2i2c-org.github.io,adjacent_jupyter,excluded_ancillary,recent_pr_activity,3,2,https://github.com/2i2c-org/2i2c-org.github.io/pull/605;https://github.com/2i2c-org/2i2c-org.github.io/pull/606;https://github.com/2i2c-org/2i2c-org.github.io/pull/631
agoose77,2i2c deployments,2i2c-org/binderhub-service,adjacent_jupyter,included,recent_pr_activity,3,3,https://github.com/2i2c-org/binderhub-service/pull/165;https://github.com/2i2c-org/binderhub-service/pull/166;https://github.com/2i2c-org/binderhub-service/pull/172
agoose77,2i2c deployments,2i2c-org/infrastructure,adjacent_jupyter,included,recent_pr_activity,303,289,https://github.com/2i2c-org/infrastructure/pull/7333;https://github.com/2i2c-org/infrastructure/pull/7336;https://github.com/2i2c-org/infrastructure/pull/7341;https://github.com/2i2c-org/infrastructure/pull/7342;https://github.com/2i2c-org/infrastructure/pull/7345;https://github.com/2i2c-org/infrastructure/pull/7349;https://github.com/2i2c-org/infrastructure/pull/7350;https://github.com/2i2c-org/infrastructure/pull/7355;https://github.com/2i2c-org/infrastructure/pull/7357;https://github.com/2i2c-org/infrastructure/pull/7360;https://github.com/2i2c-org/infrastructure/pull/7361;https://github.com/2i2c-org/infrastructure/pull/7372;https://github.com/2i2c-org/infrastructure/pull/7382;https://github.com/2i2c-org/infrastructure/pull/7385;https://github.com/2i2c-org/infrastructure/pull/7388;https://github.com/2i2c-org/infrastructure/pull/7389;https://github.com/2i2c-org/infrastructure/pull/7393;https://github.com/2i2c-org/infrastructure/pull/7400;https://github.com/2i2c-org/infrastructure/pull/7401;https://github.com/2i2c-org/infrastructure/pull/7402;https://github.com/2i2c-org/infrastructure/pull/7403;https://github.com/2i2c-org/infrastructure/pull/7404;https://github.com/2i2c-org/infrastructure/pull/7406;https://github.com/2i2c-org/infrastructure/pull/7413;https://github.com/2i2c-org/infrastructure/pull/7416;https://github.com/2i2c-org/infrastructure/pull/7429;https://github.com/2i2c-org/infrastructure/pull/7430;https://github.com/2i2c-org/infrastructure/pull/7431;https://github.com/2i2c-org/infrastructure/pull/7432;https://github.com/2i2c-org/infrastructure/pull/7437;https://github.com/2i2c-org/infrastructure/pull/7441;https://github.com/2i2c-org/infrastructure/pull/7442;https://github.com/2i2c-org/infrastructure/pull/7478;https://github.com/2i2c-org/infrastructure/pull/7481;https://github.com/2i2c-org/infrastructure/pull/7498;https://github.com/2i2c-org/infrastructure/pull/7499;https://github.com/2i2c-org/infrastructure/pull/7500;https://github.com/2i2c-org/infrastructure/pull/7505;https://github.com/2i2c-org/infrastructure/pull/7516;https://github.com/2i2c-org/infrastructure/pull/7519;https://github.com/2i2c-org/infrastructure/pull/7523;https://github.com/2i2c-org/infrastructure/pull/7527;https://github.com/2i2c-org/infrastructure/pull/7528;https://github.com/2i2c-org/infrastructure/pull/7531;https://github.com/2i2c-org/infrastructure/pull/7534;https://github.com/2i2c-org/infrastructure/pull/7535;https://github.com/2i2c-org/infrastructure/pull/7549;https://github.com/2i2c-org/infrastructure/pull/7550;https://github.com/2i2c-org/infrastructure/pull/7562;https://github.com/2i2c-org/infrastructure/pull/7563;https://github.com/2i2c-org/infrastructure/pull/7564;https://github.com/2i2c-org/infrastructure/pull/7572;https://github.com/2i2c-org/infrastructure/pull/7573;https://github.com/2i2c-org/infrastructure/pull/7574;https://github.com/2i2c-org/infrastructure/pull/7586;https://github.com/2i2c-org/infrastructure/pull/7589;https://github.com/2i2c-org/infrastructure/pull/7591;https://github.com/2i2c-org/infrastructure/pull/7592;https://github.com/2i2c-org/infrastructure/pull/7593;https://github.com/2i2c-org/infrastructure/pull/7604;https://github.com/2i2c-org/infrastructure/pull/7608;https://github.com/2i2c-org/infrastructure/pull/7632;https://github.com/2i2c-org/infrastructure/pull/7633;https://github.com/2i2c-org/infrastructure/pull/7643;https://github.com/2i2c-org/infrastructure/pull/7650;https://github.com/2i2c-org/infrastructure/pull/7669;https://github.com/2i2c-org/infrastructure/pull/7680;https://github.com/2i2c-org/infrastructure/pull/7682;https://github.com/2i2c-org/infrastructure/pull/7683;https://github.com/2i2c-org/infrastructure/pull/7706;https://github.com/2i2c-org/infrastructure/pull/7720;https://github.com/2i2c-org/infrastructure/pull/7721;https://github.com/2i2c-org/infrastructure/pull/7739;https://github.com/2i2c-org/infrastructure/pull/7740;https://github.com/2i2c-org/infrastructure/pull/7741;https://github.com/2i2c-org/infrastructure/pull/7755;https://github.com/2i2c-org/infrastructure/pull/7770;https://github.com/2i2c-org/infrastructure/pull/7835;https://github.com/2i2c-org/infrastructure/pull/7836;https://github.com/2i2c-org/infrastructure/pull/7851;https://github.com/2i2c-org/infrastructure/pull/7871;https://github.com/2i2c-org/infrastructure/pull/7872;https://github.com/2i2c-org/infrastructure/pull/7881;https://github.com/2i2c-org/infrastructure/pull/7883;https://github.com/2i2c-org/infrastructure/pull/7885;https://github.com/2i2c-org/infrastructure/pull/7902;https://github.com/2i2c-org/infrastructure/pull/7903;https://github.com/2i2c-org/infrastructure/pull/7904;https://github.com/2i2c-org/infrastructure/pull/7906;https://github.com/2i2c-org/infrastructure/pull/7912;https://github.com/2i2c-org/infrastructure/pull/7926;https://github.com/2i2c-org/infrastructure/pull/7936;https://github.com/2i2c-org/infrastructure/pull/7964;https://github.com/2i2c-org/infrastructure/pull/7965;https://github.com/2i2c-org/infrastructure/pull/7969;https://github.com/2i2c-org/infrastructure/pull/7978;https://github.com/2i2c-org/infrastructure/pull/7995;https://github.com/2i2c-org/infrastructure/pull/8010;https://github.com/2i2c-org/infrastructure/pull/8011;https://github.com/2i2c-org/infrastructure/pull/8012;https://github.com/2i2c-org/infrastructure/pull/8017;https://github.com/2i2c-org/infrastructure/pull/8018;https://github.com/2i2c-org/infrastructure/pull/8029;https://github.com/2i2c-org/infrastructure/pull/8064;https://github.com/2i2c-org/infrastructure/pull/8068;https://github.com/2i2c-org/infrastructure/pull/8069;https://github.com/2i2c-org/infrastructure/pull/8084;https://github.com/2i2c-org/infrastructure/pull/8093;https://github.com/2i2c-org/infrastructure/pull/8095;https://github.com/2i2c-org/infrastructure/pull/8102;https://github.com/2i2c-org/infrastructure/pull/8103;https://github.com/2i2c-org/infrastructure/pull/8110;https://github.com/2i2c-org/infrastructure/pull/8122;https://github.com/2i2c-org/infrastructure/pull/8143;https://github.com/2i2c-org/infrastructure/pull/8155;https://github.com/2i2c-org/infrastructure/pull/8156;https://github.com/2i2c-org/infrastructure/pull/8158;https://github.com/2i2c-org/infrastructure/pull/8171;https://github.com/2i2c-org/infrastructure/pull/8173;https://github.com/2i2c-org/infrastructure/pull/8175;https://github.com/2i2c-org/infrastructure/pull/8176;https://github.com/2i2c-org/infrastructure/pull/8183;https://github.com/2i2c-org/infrastructure/pull/8201;https://github.com/2i2c-org/infrastructure/pull/8215;https://github.com/2i2c-org/infrastructure/pull/8224;https://github.com/2i2c-org/infrastructure/pull/8225;https://github.com/2i2c-org/infrastructure/pull/8231;https://github.com/2i2c-org/infrastructure/pull/8243;https://github.com/2i2c-org/infrastructure/pull/8246;https://github.com/2i2c-org/infrastructure/pull/8248;https://github.com/2i2c-org/infrastructure/pull/8250;https://github.com/2i2c-org/infrastructure/pull/8252;https://github.com/2i2c-org/infrastructure/pull/8253;https://github.com/2i2c-org/infrastructure/pull/8258;https://github.com/2i2c-org/infrastructure/pull/8267;https://github.com/2i2c-org/infrastructure/pull/8269;https://github.com/2i2c-org/infrastructure/pull/8272;https://github.com/2i2c-org/infrastructure/pull/8275;https://github.com/2i2c-org/infrastructure/pull/8284;https://github.com/2i2c-org/infrastructure/pull/8285;https://github.com/2i2c-org/infrastructure/pull/8287;https://github.com/2i2c-org/infrastructure/pull/8289;https://github.com/2i2c-org/infrastructure/pull/8291;https://github.com/2i2c-org/infrastructure/pull/8312;https://github.com/2i2c-org/infrastructure/pull/8315;https://github.com/2i2c-org/infrastructure/pull/8325;https://github.com/2i2c-org/infrastructure/pull/8330;https://github.com/2i2c-org/infrastructure/pull/8331;https://github.com/2i2c-org/infrastructure/pull/8332;https://github.com/2i2c-org/infrastructure/pull/8338;https://github.com/2i2c-org/infrastructure/pull/8349;https://github.com/2i2c-org/infrastructure/pull/8357;https://github.com/2i2c-org/infrastructure/pull/8358;https://github.com/2i2c-org/infrastructure/pull/8359;https://github.com/2i2c-org/infrastructure/pull/8360;https://github.com/2i2c-org/infrastructure/pull/8376;https://github.com/2i2c-org/infrastructure/pull/8377;https://github.com/2i2c-org/infrastructure/pull/8378;https://github.com/2i2c-org/infrastructure/pull/8380;https://github.com/2i2c-org/infrastructure/pull/8381;https://github.com/2i2c-org/infrastructure/pull/8385;https://github.com/2i2c-org/infrastructure/pull/8386;https://github.com/2i2c-org/infrastructure/pull/8387;https://github.com/2i2c-org/infrastructure/pull/8397;https://github.com/2i2c-org/infrastructure/pull/8401;https://github.com/2i2c-org/infrastructure/pull/8402;https://github.com/2i2c-org/infrastructure/pull/8406;https://github.com/2i2c-org/infrastructure/pull/8407;https://github.com/2i2c-org/infrastructure/pull/8413;https://github.com/2i2c-org/infrastructure/pull/8417;https://github.com/2i2c-org/infrastructure/pull/8427;https://github.com/2i2c-org/infrastructure/pull/8428;https://github.com/2i2c-org/infrastructure/pull/8430;https://github.com/2i2c-org/infrastructure/pull/8432;https://github.com/2i2c-org/infrastructure/pull/8434;https://github.com/2i2c-org/infrastructure/pull/8435;https://github.com/2i2c-org/infrastructure/pull/8436;https://github.com/2i2c-org/infrastructure/pull/8437;https://github.com/2i2c-org/infrastructure/pull/8456;https://github.com/2i2c-org/infrastructure/pull/8457;https://github.com/2i2c-org/infrastructure/pull/8458;https://github.com/2i2c-org/infrastructure/pull/8459;https://github.com/2i2c-org/infrastructure/pull/8460;https://github.com/2i2c-org/infrastructure/pull/8470;https://github.com/2i2c-org/infrastructure/pull/8473;https://github.com/2i2c-org/infrastructure/pull/8474;https://github.com/2i2c-org/infrastructure/pull/8478;https://github.com/2i2c-org/infrastructure/pull/8487;https://github.com/2i2c-org/infrastructure/pull/8488;https://github.com/2i2c-org/infrastructure/pull/8510;https://github.com/2i2c-org/infrastructure/pull/8520;https://github.com/2i2c-org/infrastructure/pull/8523;https://github.com/2i2c-org/infrastructure/pull/8525;https://github.com/2i2c-org/infrastructure/pull/8528;https://github.com/2i2c-org/infrastructure/pull/8530;https://github.com/2i2c-org/infrastructure/pull/8537;https://github.com/2i2c-org/infrastructure/pull/8539;https://github.com/2i2c-org/infrastructure/pull/8573;https://github.com/2i2c-org/infrastructure/pull/8574;https://github.com/2i2c-org/infrastructure/pull/8575;https://github.com/2i2c-org/infrastructure/pull/8586;https://github.com/2i2c-org/infrastructure/pull/8587;https://github.com/2i2c-org/infrastructure/pull/8590;https://github.com/2i2c-org/infrastructure/pull/8596;https://github.com/2i2c-org/infrastructure/pull/8600;https://github.com/2i2c-org/infrastructure/pull/8607;https://github.com/2i2c-org/infrastructure/pull/8609;https://github.com/2i2c-org/infrastructure/pull/8613;https://github.com/2i2c-org/infrastructure/pull/8615;https://github.com/2i2c-org/infrastructure/pull/8616;https://github.com/2i2c-org/infrastructure/pull/8617;https://github.com/2i2c-org/infrastructure/pull/8621;https://github.com/2i2c-org/infrastructure/pull/8627;https://github.com/2i2c-org/infrastructure/pull/8631;https://github.com/2i2c-org/infrastructure/pull/8640;https://github.com/2i2c-org/infrastructure/pull/8641;https://github.com/2i2c-org/infrastructure/pull/8642;https://github.com/2i2c-org/infrastructure/pull/8652;https://github.com/2i2c-org/infrastructure/pull/8666;https://github.com/2i2c-org/infrastructure/pull/8669;https://github.com/2i2c-org/infrastructure/pull/8674;https://github.com/2i2c-org/infrastructure/pull/8680;https://github.com/2i2c-org/infrastructure/pull/8682;https://github.com/2i2c-org/infrastructure/pull/8683;https://github.com/2i2c-org/infrastructure/pull/8686;https://github.com/2i2c-org/infrastructure/pull/8687;https://github.com/2i2c-org/infrastructure/pull/8693;https://github.com/2i2c-org/infrastructure/pull/8735;https://github.com/2i2c-org/infrastructure/pull/8738;https://github.com/2i2c-org/infrastructure/pull/8746;https://github.com/2i2c-org/infrastructure/pull/8750;https://github.com/2i2c-org/infrastructure/pull/8755;https://github.com/2i2c-org/infrastructure/pull/8756;https://github.com/2i2c-org/infrastructure/pull/8763;https://github.com/2i2c-org/infrastructure/pull/8764;https://github.com/2i2c-org/infrastructure/pull/8765;https://github.com/2i2c-org/infrastructure/pull/8766;https://github.com/2i2c-org/infrastructure/pull/8767;https://github.com/2i2c-org/infrastructure/pull/8768;https://github.com/2i2c-org/infrastructure/pull/8769;https://github.com/2i2c-org/infrastructure/pull/8777;https://github.com/2i2c-org/infrastructure/pull/8779;https://github.com/2i2c-org/infrastructure/pull/8780;https://github.com/2i2c-org/infrastructure/pull/8793;https://github.com/2i2c-org/infrastructure/pull/8794;https://github.com/2i2c-org/infrastructure/pull/8799;https://github.com/2i2c-org/infrastructure/pull/8800;https://github.com/2i2c-org/infrastructure/pull/8801;https://github.com/2i2c-org/infrastructure/pull/8802;https://github.com/2i2c-org/infrastructure/pull/8824;https://github.com/2i2c-org/infrastructure/pull/8828;https://github.com/2i2c-org/infrastructure/pull/8837;https://github.com/2i2c-org/infrastructure/pull/8840;https://github.com/2i2c-org/infrastructure/pull/8841;https://github.com/2i2c-org/infrastructure/pull/8842;https://github.com/2i2c-org/infrastructure/pull/8845;https://github.com/2i2c-org/infrastructure/pull/8850;https://github.com/2i2c-org/infrastructure/pull/8855;https://github.com/2i2c-org/infrastructure/pull/8869;https://github.com/2i2c-org/infrastructure/pull/8874;https://github.com/2i2c-org/infrastructure/pull/8878;https://github.com/2i2c-org/infrastructure/pull/8880;https://github.com/2i2c-org/infrastructure/pull/8881;https://github.com/2i2c-org/infrastructure/pull/8883;https://github.com/2i2c-org/infrastructure/pull/8898;https://github.com/2i2c-org/infrastructure/pull/8960;https://github.com/2i2c-org/infrastructure/pull/8963;https://github.com/2i2c-org/infrastructure/pull/8985;https://github.com/2i2c-org/infrastructure/pull/8992;https://github.com/2i2c-org/infrastructure/pull/8993;https://github.com/2i2c-org/infrastructure/pull/9005;https://github.com/2i2c-org/infrastructure/pull/9006;https://github.com/2i2c-org/infrastructure/pull/9037;https://github.com/2i2c-org/infrastructure/pull/9038;https://github.com/2i2c-org/infrastructure/pull/9040;https://github.com/2i2c-org/infrastructure/pull/9041;https://github.com/2i2c-org/infrastructure/pull/9043;https://github.com/2i2c-org/infrastructure/pull/9046;https://github.com/2i2c-org/infrastructure/pull/9048;https://github.com/2i2c-org/infrastructure/pull/9049;https://github.com/2i2c-org/infrastructure/pull/9050;https://github.com/2i2c-org/infrastructure/pull/9053;https://github.com/2i2c-org/infrastructure/pull/9054;https://github.com/2i2c-org/infrastructure/pull/9081;https://github.com/2i2c-org/infrastructure/pull/9083;https://github.com/2i2c-org/infrastructure/pull/9085;https://github.com/2i2c-org/infrastructure/pull/9093;https://github.com/2i2c-org/infrastructure/pull/9094;https://github.com/2i2c-org/infrastructure/pull/9095;https://github.com/2i2c-org/infrastructure/pull/9101;https://github.com/2i2c-org/infrastructure/pull/9107;https://github.com/2i2c-org/infrastructure/pull/9113;https://github.com/2i2c-org/infrastructure/pull/9121;https://github.com/2i2c-org/infrastructure/pull/9126;https://github.com/2i2c-org/infrastructure/pull/9146;https://github.com/2i2c-org/infrastructure/pull/9147;https://github.com/2i2c-org/infrastructure/pull/9155;https://github.com/2i2c-org/infrastructure/pull/9160;https://github.com/2i2c-org/infrastructure/pull/9161;https://github.com/2i2c-org/infrastructure/pull/9164;https://github.com/2i2c-org/infrastructure/pull/9180;https://github.com/2i2c-org/infrastructure/pull/9215;https://github.com/2i2c-org/infrastructure/pull/9228
agoose77,2i2c deployments,2i2c-org/jupyterhub-home-nfs,adjacent_jupyter,included,recent_pr_activity,8,7,https://github.com/2i2c-org/jupyterhub-home-nfs/pull/84;https://github.com/2i2c-org/jupyterhub-home-nfs/pull/85;https://github.com/2i2c-org/jupyterhub-home-nfs/pull/86;https://github.com/2i2c-org/jupyterhub-home-nfs/pull/89;https://github.com/2i2c-org/jupyterhub-home-nfs/pull/95;https://github.com/2i2c-org/jupyterhub-home-nfs/pull/96;https://github.com/2i2c-org/jupyterhub-home-nfs/pull/97;https://github.com/2i2c-org/jupyterhub-home-nfs/pull/99
agoose77,2i2c deployments,2i2c-org/team-compass,adjacent_jupyter,excluded_ancillary,recent_pr_activity,3,3,https://github.com/2i2c-org/team-compass/pull/1061;https://github.com/2i2c-org/team-compass/pull/1062;https://github.com/2i2c-org/team-compass/pull/1104
agoose77,ProjectPythia/cookbook-actions,ProjectPythia/cookbook-actions,non_jupyter,included,recent_pr_activity,5,2,https://github.com/ProjectPythia/cookbook-actions/pull/165;https://github.com/ProjectPythia/cookbook-actions/pull/167;https://github.com/ProjectPythia/cookbook-actions/pull/189;https://github.com/ProjectPythia/cookbook-actions/pull/191;https://github.com/ProjectPythia/cookbook-actions/pull/192
agoose77,ProjectPythia/ptype-ml-cookbook,ProjectPythia/ptype-ml-cookbook,non_jupyter,included,recent_pr_activity,3,1,https://github.com/ProjectPythia/ptype-ml-cookbook/pull/10;https://github.com/ProjectPythia/ptype-ml-cookbook/pull/11;https://github.com/ProjectPythia/ptype-ml-cookbook/pull/12
agoose77,jupyter-book/jupyterlab-myst,jupyter-book/jupyterlab-myst,official_jupyter,included,recent_pr_activity,3,3,https://github.com/jupyter-book/jupyterlab-myst/pull/293;https://github.com/jupyter-book/jupyterlab-myst/pull/294;https://github.com/jupyter-book/jupyterlab-myst/pull/295
agoose77,jupyter-book/myst-theme,jupyter-book/myst-theme,official_jupyter,included,recent_pr_activity,24,19,https://github.com/jupyter-book/myst-theme/pull/750;https://github.com/jupyter-book/myst-theme/pull/805;https://github.com/jupyter-book/myst-theme/pull/815;https://github.com/jupyter-book/myst-theme/pull/822;https://github.com/jupyter-book/myst-theme/pull/824;https://github.com/jupyter-book/myst-theme/pull/826;https://github.com/jupyter-book/myst-theme/pull/832;https://github.com/jupyter-book/myst-theme/pull/842;https://github.com/jupyter-book/myst-theme/pull/855;https://github.com/jupyter-book/myst-theme/pull/857;https://github.com/jupyter-book/myst-theme/pull/920;https://github.com/jupyter-book/myst-theme/pull/922;https://github.com/jupyter-book/myst-theme/pull/923;https://github.com/jupyter-book/myst-theme/pull/924;https://github.com/jupyter-book/myst-theme/pull/925;https://github.com/jupyter-book/myst-theme/pull/938;https://github.com/jupyter-book/myst-theme/pull/939;https://github.com/jupyter-book/myst-theme/pull/941;https://github.com/jupyter-book/myst-theme/pull/960;https://github.com/jupyter-book/myst-theme/pull/961;https://github.com/jupyter-book/myst-theme/pull/970;https://github.com/jupyter-book/myst-theme/pull/972;https://github.com/jupyter-book/myst-theme/pull/977;https://github.com/jupyter-book/myst-theme/pull/978
agoose77,jupyter-book/mystmd,jupyter-book/mystmd,official_jupyter,included,recent_pr_activity,26,23,https://github.com/jupyter-book/mystmd/pull/2716;https://github.com/jupyter-book/mystmd/pull/2718;https://github.com/jupyter-book/mystmd/pull/2721;https://github.com/jupyter-book/mystmd/pull/2776;https://github.com/jupyter-book/mystmd/pull/2783;https://github.com/jupyter-book/mystmd/pull/2786;https://github.com/jupyter-book/mystmd/pull/2791;https://github.com/jupyter-book/mystmd/pull/2840;https://github.com/jupyter-book/mystmd/pull/2841;https://github.com/jupyter-book/mystmd/pull/2855;https://github.com/jupyter-book/mystmd/pull/2908;https://github.com/jupyter-book/mystmd/pull/2913;https://github.com/jupyter-book/mystmd/pull/2914;https://github.com/jupyter-book/mystmd/pull/2952;https://github.com/jupyter-book/mystmd/pull/2953;https://github.com/jupyter-book/mystmd/pull/2956;https://github.com/jupyter-book/mystmd/pull/2957;https://github.com/jupyter-book/mystmd/pull/2970;https://github.com/jupyter-book/mystmd/pull/2972;https://github.com/jupyter-book/mystmd/pull/3002;https://github.com/jupyter-book/mystmd/pull/3019;https://github.com/jupyter-book/mystmd/pull/3027;https://github.com/jupyter-book/mystmd/pull/3048;https://github.com/jupyter-book/mystmd/pull/3052;https://github.com/jupyter-book/mystmd/pull/3059;https://github.com/jupyter-book/mystmd/pull/3064
agoose77,mainsail-org/gennaker-tools,mainsail-org/gennaker-tools,non_jupyter,included,recent_pr_activity,31,30,https://github.com/mainsail-org/gennaker-tools/pull/15;https://github.com/mainsail-org/gennaker-tools/pull/16;https://github.com/mainsail-org/gennaker-tools/pull/17;https://github.com/mainsail-org/gennaker-tools/pull/21;https://github.com/mainsail-org/gennaker-tools/pull/22;https://github.com/mainsail-org/gennaker-tools/pull/23;https://github.com/mainsail-org/gennaker-tools/pull/24;https://github.com/mainsail-org/gennaker-tools/pull/25;https://github.com/mainsail-org/gennaker-tools/pull/27;https://github.com/mainsail-org/gennaker-tools/pull/28;https://github.com/mainsail-org/gennaker-tools/pull/29;https://github.com/mainsail-org/gennaker-tools/pull/30;https://github.com/mainsail-org/gennaker-tools/pull/31;https://github.com/mainsail-org/gennaker-tools/pull/32;https://github.com/mainsail-org/gennaker-tools/pull/33;https://github.com/mainsail-org/gennaker-tools/pull/34;https://github.com/mainsail-org/gennaker-tools/pull/35;https://github.com/mainsail-org/gennaker-tools/pull/36;https://github.com/mainsail-org/gennaker-tools/pull/39;https://github.com/mainsail-org/gennaker-tools/pull/47;https://github.com/mainsail-org/gennaker-tools/pull/48;https://github.com/mainsail-org/gennaker-tools/pull/49;https://github.com/mainsail-org/gennaker-tools/pull/51;https://github.com/mainsail-org/gennaker-tools/pull/53;https://github.com/mainsail-org/gennaker-tools/pull/54;https://github.com/mainsail-org/gennaker-tools/pull/57;https://github.com/mainsail-org/gennaker-tools/pull/58;https://github.com/mainsail-org/gennaker-tools/pull/60;https://github.com/mainsail-org/gennaker-tools/pull/61;https://github.com/mainsail-org/gennaker-tools/pull/62;https://github.com/mainsail-org/gennaker-tools/pull/64
agoose77,yuvipanda/jupyterbook.pub,yuvipanda/jupyterbook.pub,adjacent_jupyter,included,recent_pr_activity,15,14,https://github.com/yuvipanda/jupyterbook.pub/pull/5;https://github.com/yuvipanda/jupyterbook.pub/pull/6;https://github.com/yuvipanda/jupyterbook.pub/pull/7;https://github.com/yuvipanda/jupyterbook.pub/pull/10;https://github.com/yuvipanda/jupyterbook.pub/pull/11;https://github.com/yuvipanda/jupyterbook.pub/pull/12;https://github.com/yuvipanda/jupyterbook.pub/pull/13;https://github.com/yuvipanda/jupyterbook.pub/pull/14;https://github.com/yuvipanda/jupyterbook.pub/pull/15;https://github.com/yuvipanda/jupyterbook.pub/pull/16;https://github.com/yuvipanda/jupyterbook.pub/pull/17;https://github.com/yuvipanda/jupyterbook.pub/pull/18;https://github.com/yuvipanda/jupyterbook.pub/pull/20;https://github.com/yuvipanda/jupyterbook.pub/pull/21;https://github.com/yuvipanda/jupyterbook.pub/pull/22
aryansk,AndreaBozzo/dataprof,AndreaBozzo/dataprof,non_jupyter,included,recent_pr_activity,11,11,https://github.com/AndreaBozzo/dataprof/pull/535;https://github.com/AndreaBozzo/dataprof/pull/556;https://github.com/AndreaBozzo/dataprof/pull/575;https://github.com/AndreaBozzo/dataprof/pull/576;https://github.com/AndreaBozzo/dataprof/pull/579;https://github.com/AndreaBozzo/dataprof/pull/580;https://github.com/AndreaBozzo/dataprof/pull/581;https://github.com/AndreaBozzo/dataprof/pull/582;https://github.com/AndreaBozzo/dataprof/pull/583;https://github.com/AndreaBozzo/dataprof/pull/584;https://github.com/AndreaBozzo/dataprof/pull/594
aryansk,Avenx-JS/avenx-js,Avenx-JS/avenx-js,non_jupyter,included,recent_pr_activity,11,11,https://github.com/Avenx-JS/avenx-js/pull/892;https://github.com/Avenx-JS/avenx-js/pull/1008;https://github.com/Avenx-JS/avenx-js/pull/1009;https://github.com/Avenx-JS/avenx-js/pull/1026;https://github.com/Avenx-JS/avenx-js/pull/1028;https://github.com/Avenx-JS/avenx-js/pull/1029;https://github.com/Avenx-JS/avenx-js/pull/1030;https://github.com/Avenx-JS/avenx-js/pull/1031;https://github.com/Avenx-JS/avenx-js/pull/1032;https://github.com/Avenx-JS/avenx-js/pull/1033;https://github.com/Avenx-JS/avenx-js/pull/1034
aryansk,MagicStack/asyncpg,MagicStack/asyncpg,non_jupyter,included,recent_pr_activity,8,2,https://github.com/MagicStack/asyncpg/pull/1344;https://github.com/MagicStack/asyncpg/pull/1345;https://github.com/MagicStack/asyncpg/pull/1346;https://github.com/MagicStack/asyncpg/pull/1347;https://github.com/MagicStack/asyncpg/pull/1348;https://github.com/MagicStack/asyncpg/pull/1350;https://github.com/MagicStack/asyncpg/pull/1349;https://github.com/MagicStack/asyncpg/pull/1351
aryansk,NVIDIA/NemoClaw,NVIDIA/NemoClaw,non_jupyter,included,recent_pr_activity,3,0,https://github.com/NVIDIA/NemoClaw/pull/8526;https://github.com/NVIDIA/NemoClaw/pull/9195;https://github.com/NVIDIA/NemoClaw/pull/9196
aryansk,RailtownAI/railtracks,RailtownAI/railtracks,non_jupyter,included,recent_pr_activity,3,1,https://github.com/RailtownAI/railtracks/pull/1344;https://github.com/RailtownAI/railtracks/pull/1399;https://github.com/RailtownAI/railtracks/pull/1400
aryansk,StudentSuite/StudyMap,StudentSuite/StudyMap,non_jupyter,included,recent_pr_activity,9,9,https://github.com/StudentSuite/StudyMap/pull/130;https://github.com/StudentSuite/StudyMap/pull/131;https://github.com/StudentSuite/StudyMap/pull/132;https://github.com/StudentSuite/StudyMap/pull/133;https://github.com/StudentSuite/StudyMap/pull/134;https://github.com/StudentSuite/StudyMap/pull/135;https://github.com/StudentSuite/StudyMap/pull/136;https://github.com/StudentSuite/StudyMap/pull/137;https://github.com/StudentSuite/StudyMap/pull/138
aryansk,ansible/ansible,ansible/ansible,non_jupyter,included,recent_pr_activity,5,0,https://github.com/ansible/ansible/pull/87345;https://github.com/ansible/ansible/pull/87440;https://github.com/ansible/ansible/pull/87444;https://github.com/ansible/ansible/pull/87445;https://github.com/ansible/ansible/pull/87446
aryansk,apify/crawlee-python,apify/crawlee-python,non_jupyter,included,recent_pr_activity,6,1,https://github.com/apify/crawlee-python/pull/2160;https://github.com/apify/crawlee-python/pull/2161;https://github.com/apify/crawlee-python/pull/2162;https://github.com/apify/crawlee-python/pull/2163;https://github.com/apify/crawlee-python/pull/2164;https://github.com/apify/crawlee-python/pull/2165
aryansk,apple/swift-argument-parser,apple/swift-argument-parser,non_jupyter,included,recent_pr_activity,3,1,https://github.com/apple/swift-argument-parser/pull/940;https://github.com/apple/swift-argument-parser/pull/941;https://github.com/apple/swift-argument-parser/pull/964
aryansk,apple/swift-system,apple/swift-system,non_jupyter,included,recent_pr_activity,4,2,https://github.com/apple/swift-system/pull/376;https://github.com/apple/swift-system/pull/377;https://github.com/apple/swift-system/pull/378;https://github.com/apple/swift-system/pull/379
aryansk,aryansk/mend-webmcp,aryansk/mend-webmcp,non_jupyter,included,recent_pr_activity,3,3,https://github.com/aryansk/mend-webmcp/pull/1;https://github.com/aryansk/mend-webmcp/pull/2;https://github.com/aryansk/mend-webmcp/pull/3
aryansk,btsouth/toolport,btsouth/toolport,non_jupyter,included,recent_pr_activity,10,9,https://github.com/btsouth/toolport/pull/640;https://github.com/btsouth/toolport/pull/717;https://github.com/btsouth/toolport/pull/719;https://github.com/btsouth/toolport/pull/721;https://github.com/btsouth/toolport/pull/723;https://github.com/btsouth/toolport/pull/726;https://github.com/btsouth/toolport/pull/742;https://github.com/btsouth/toolport/pull/743;https://github.com/btsouth/toolport/pull/744;https://github.com/btsouth/toolport/pull/745
aryansk,cookiecutter/cookiecutter,cookiecutter/cookiecutter,non_jupyter,included,recent_pr_activity,3,0,https://github.com/cookiecutter/cookiecutter/pull/2260;https://github.com/cookiecutter/cookiecutter/pull/2261;https://github.com/cookiecutter/cookiecutter/pull/2262
aryansk,dask/dask,dask/dask,non_jupyter,included,recent_pr_activity,3,0,https://github.com/dask/dask/pull/12554;https://github.com/dask/dask/pull/12558;https://github.com/dask/dask/pull/12559
aryansk,dheerajjha/mcp-migrate,dheerajjha/mcp-migrate,non_jupyter,included,recent_pr_activity,4,4,https://github.com/dheerajjha/mcp-migrate/pull/189;https://github.com/dheerajjha/mcp-migrate/pull/248;https://github.com/dheerajjha/mcp-migrate/pull/249;https://github.com/dheerajjha/mcp-migrate/pull/250
aryansk,drivendataorg/failed-build-issue-action,drivendataorg/failed-build-issue-action,non_jupyter,included,recent_pr_activity,4,2,https://github.com/drivendataorg/failed-build-issue-action/pull/157;https://github.com/drivendataorg/failed-build-issue-action/pull/176;https://github.com/drivendataorg/failed-build-issue-action/pull/177;https://github.com/drivendataorg/failed-build-issue-action/pull/178
aryansk,fsspec/filesystem_spec,fsspec/filesystem_spec,non_jupyter,included,recent_pr_activity,3,1,https://github.com/fsspec/filesystem_spec/pull/2097;https://github.com/fsspec/filesystem_spec/pull/2098;https://github.com/fsspec/filesystem_spec/pull/2099
aryansk,grafana/grafana,grafana/grafana,non_jupyter,included,recent_pr_activity,7,0,https://github.com/grafana/grafana/pull/130651;https://github.com/grafana/grafana/pull/131341;https://github.com/grafana/grafana/pull/131343;https://github.com/grafana/grafana/pull/131401;https://github.com/grafana/grafana/pull/131442;https://github.com/grafana/grafana/pull/131446;https://github.com/grafana/grafana/pull/131447
aryansk,hibuka-labs/agent-base,hibuka-labs/agent-base,non_jupyter,included,recent_pr_activity,3,2,https://github.com/hibuka-labs/agent-base/pull/3;https://github.com/hibuka-labs/agent-base/pull/4;https://github.com/hibuka-labs/agent-base/pull/5
aryansk,ipython/ipython,ipython/ipython,official_jupyter,included,recent_pr_activity,8,0,https://github.com/ipython/ipython/pull/15363;https://github.com/ipython/ipython/pull/15369;https://github.com/ipython/ipython/pull/15370;https://github.com/ipython/ipython/pull/15371;https://github.com/ipython/ipython/pull/15372;https://github.com/ipython/ipython/pull/15374;https://github.com/ipython/ipython/pull/15373;https://github.com/ipython/ipython/pull/15375
aryansk,jupyter-server/jupyter-resource-usage,jupyter-server/jupyter-resource-usage,official_jupyter,included,recent_pr_activity,3,0,https://github.com/jupyter-server/jupyter-resource-usage/pull/264;https://github.com/jupyter-server/jupyter-resource-usage/pull/265;https://github.com/jupyter-server/jupyter-resource-usage/pull/266
aryansk,jupyter-server/jupyter_server,jupyter-server/jupyter_server,official_jupyter,included,recent_pr_activity,4,0,https://github.com/jupyter-server/jupyter_server/pull/1689;https://github.com/jupyter-server/jupyter_server/pull/1693;https://github.com/jupyter-server/jupyter_server/pull/1694;https://github.com/jupyter-server/jupyter_server/pull/1696
aryansk,jupyter/nbconvert,jupyter/nbconvert,official_jupyter,included,recent_pr_activity,9,0,https://github.com/jupyter/nbconvert/pull/2299;https://github.com/jupyter/nbconvert/pull/2300;https://github.com/jupyter/nbconvert/pull/2303;https://github.com/jupyter/nbconvert/pull/2304;https://github.com/jupyter/nbconvert/pull/2305;https://github.com/jupyter/nbconvert/pull/2306;https://github.com/jupyter/nbconvert/pull/2307;https://github.com/jupyter/nbconvert/pull/2308;https://github.com/jupyter/nbconvert/pull/2309
aryansk,jupyterlab/jupyterlab,jupyterlab/jupyterlab,official_jupyter,included,recent_pr_activity,5,0,https://github.com/jupyterlab/jupyterlab/pull/19255;https://github.com/jupyterlab/jupyterlab/pull/19256;https://github.com/jupyterlab/jupyterlab/pull/19359;https://github.com/jupyterlab/jupyterlab/pull/19360;https://github.com/jupyterlab/jupyterlab/pull/19467
aryansk,microsoft/apm,microsoft/apm,non_jupyter,included,recent_pr_activity,28,17,https://github.com/microsoft/apm/pull/2559;https://github.com/microsoft/apm/pull/2570;https://github.com/microsoft/apm/pull/2577;https://github.com/microsoft/apm/pull/2578;https://github.com/microsoft/apm/pull/2580;https://github.com/microsoft/apm/pull/2581;https://github.com/microsoft/apm/pull/2582;https://github.com/microsoft/apm/pull/2583;https://github.com/microsoft/apm/pull/2584;https://github.com/microsoft/apm/pull/2586;https://github.com/microsoft/apm/pull/2587;https://github.com/microsoft/apm/pull/2588;https://github.com/microsoft/apm/pull/2589;https://github.com/microsoft/apm/pull/2590;https://github.com/microsoft/apm/pull/2591;https://github.com/microsoft/apm/pull/2592;https://github.com/microsoft/apm/pull/2593;https://github.com/microsoft/apm/pull/2594;https://github.com/microsoft/apm/pull/2595;https://github.com/microsoft/apm/pull/2596;https://github.com/microsoft/apm/pull/2597;https://github.com/microsoft/apm/pull/2598;https://github.com/microsoft/apm/pull/2599;https://github.com/microsoft/apm/pull/2600;https://github.com/microsoft/apm/pull/2601;https://github.com/microsoft/apm/pull/2602;https://github.com/microsoft/apm/pull/2603;https://github.com/microsoft/apm/pull/2604
aryansk,midhunkrishna/marginalia,midhunkrishna/marginalia,non_jupyter,included,recent_pr_activity,6,1,https://github.com/midhunkrishna/marginalia/pull/16;https://github.com/midhunkrishna/marginalia/pull/20;https://github.com/midhunkrishna/marginalia/pull/21;https://github.com/midhunkrishna/marginalia/pull/22;https://github.com/midhunkrishna/marginalia/pull/23;https://github.com/midhunkrishna/marginalia/pull/24
aryansk,moby/moby,moby/moby,non_jupyter,included,recent_pr_activity,4,0,https://github.com/moby/moby/pull/53341;https://github.com/moby/moby/pull/53443;https://github.com/moby/moby/pull/53456;https://github.com/moby/moby/pull/53465
aryansk,networkx/networkx,networkx/networkx,non_jupyter,included,recent_pr_activity,3,0,https://github.com/networkx/networkx/pull/8835;https://github.com/networkx/networkx/pull/8836;https://github.com/networkx/networkx/pull/8854
aryansk,nivaas219/ossfind,nivaas219/ossfind,non_jupyter,included,recent_pr_activity,3,3,https://github.com/nivaas219/ossfind/pull/11;https://github.com/nivaas219/ossfind/pull/18;https://github.com/nivaas219/ossfind/pull/19
aryansk,open-telemetry/opentelemetry-specification,open-telemetry/opentelemetry-specification,non_jupyter,included,recent_pr_activity,5,2,https://github.com/open-telemetry/opentelemetry-specification/pull/5259;https://github.com/open-telemetry/opentelemetry-specification/pull/5260;https://github.com/open-telemetry/opentelemetry-specification/pull/5261;https://github.com/open-telemetry/opentelemetry-specification/pull/5283;https://github.com/open-telemetry/opentelemetry-specification/pull/5284
aryansk,orval-labs/orval,orval-labs/orval,non_jupyter,included,recent_pr_activity,9,7,https://github.com/orval-labs/orval/pull/3820;https://github.com/orval-labs/orval/pull/3858;https://github.com/orval-labs/orval/pull/3859;https://github.com/orval-labs/orval/pull/3860;https://github.com/orval-labs/orval/pull/3861;https://github.com/orval-labs/orval/pull/3862;https://github.com/orval-labs/orval/pull/3863;https://github.com/orval-labs/orval/pull/3864;https://github.com/orval-labs/orval/pull/3865
aryansk,pandas-dev/pandas,pandas-dev/pandas,non_jupyter,included,recent_pr_activity,4,0,https://github.com/pandas-dev/pandas/pull/66683;https://github.com/pandas-dev/pandas/pull/66744;https://github.com/pandas-dev/pandas/pull/66786;https://github.com/pandas-dev/pandas/pull/66795
aryansk,pylint-dev/pylint,pylint-dev/pylint,non_jupyter,included,recent_pr_activity,4,0,https://github.com/pylint-dev/pylint/pull/11254;https://github.com/pylint-dev/pylint/pull/11276;https://github.com/pylint-dev/pylint/pull/11277;https://github.com/pylint-dev/pylint/pull/11278
aryansk,pypa/hatch,pypa/hatch,non_jupyter,included,recent_pr_activity,3,0,https://github.com/pypa/hatch/pull/2380;https://github.com/pypa/hatch/pull/2385;https://github.com/pypa/hatch/pull/2392
aryansk,pypa/setuptools,pypa/setuptools,non_jupyter,included,recent_pr_activity,4,0,https://github.com/pypa/setuptools/pull/5295;https://github.com/pypa/setuptools/pull/5298;https://github.com/pypa/setuptools/pull/5299;https://github.com/pypa/setuptools/pull/5306
aryansk,pytest-dev/pytest,pytest-dev/pytest,non_jupyter,included,recent_pr_activity,4,0,https://github.com/pytest-dev/pytest/pull/14866;https://github.com/pytest-dev/pytest/pull/14885;https://github.com/pytest-dev/pytest/pull/14886;https://github.com/pytest-dev/pytest/pull/14917
aryansk,python/cpython,python/cpython,non_jupyter,included,recent_pr_activity,5,0,https://github.com/python/cpython/pull/156286;https://github.com/python/cpython/pull/156320;https://github.com/python/cpython/pull/156322;https://github.com/python/cpython/pull/156356;https://github.com/python/cpython/pull/156357
aryansk,python/mypy,python/mypy,non_jupyter,included,recent_pr_activity,5,0,https://github.com/python/mypy/pull/21831;https://github.com/python/mypy/pull/21837;https://github.com/python/mypy/pull/21836;https://github.com/python/mypy/pull/21838;https://github.com/python/mypy/pull/21858
aryansk,realm/SwiftLint,realm/SwiftLint,non_jupyter,included,recent_pr_activity,3,0,https://github.com/realm/SwiftLint/pull/6854;https://github.com/realm/SwiftLint/pull/6856;https://github.com/realm/SwiftLint/pull/6887
aryansk,rq/rq,rq/rq,non_jupyter,included,recent_pr_activity,3,0,https://github.com/rq/rq/pull/2460;https://github.com/rq/rq/pull/2461;https://github.com/rq/rq/pull/2463
aryansk,shauryagangrade/GCode,shauryagangrade/GCode,non_jupyter,included,recent_pr_activity,29,20,https://github.com/shauryagangrade/GCode/pull/36;https://github.com/shauryagangrade/GCode/pull/37;https://github.com/shauryagangrade/GCode/pull/38;https://github.com/shauryagangrade/GCode/pull/43;https://github.com/shauryagangrade/GCode/pull/44;https://github.com/shauryagangrade/GCode/pull/45;https://github.com/shauryagangrade/GCode/pull/46;https://github.com/shauryagangrade/GCode/pull/47;https://github.com/shauryagangrade/GCode/pull/48;https://github.com/shauryagangrade/GCode/pull/82;https://github.com/shauryagangrade/GCode/pull/83;https://github.com/shauryagangrade/GCode/pull/84;https://github.com/shauryagangrade/GCode/pull/85;https://github.com/shauryagangrade/GCode/pull/86;https://github.com/shauryagangrade/GCode/pull/87;https://github.com/shauryagangrade/GCode/pull/88;https://github.com/shauryagangrade/GCode/pull/89;https://github.com/shauryagangrade/GCode/pull/90;https://github.com/shauryagangrade/GCode/pull/91;https://github.com/shauryagangrade/GCode/pull/97;https://github.com/shauryagangrade/GCode/pull/109;https://github.com/shauryagangrade/GCode/pull/110;https://github.com/shauryagangrade/GCode/pull/111;https://github.com/shauryagangrade/GCode/pull/112;https://github.com/shauryagangrade/GCode/pull/113;https://github.com/shauryagangrade/GCode/pull/114;https://github.com/shauryagangrade/GCode/pull/115;https://github.com/shauryagangrade/GCode/pull/116;https://github.com/shauryagangrade/GCode/pull/117
aryansk,shauryagangrade/intent-drift-skill,shauryagangrade/intent-drift-skill,non_jupyter,included,recent_pr_activity,14,14,https://github.com/shauryagangrade/intent-drift-skill/pull/31;https://github.com/shauryagangrade/intent-drift-skill/pull/32;https://github.com/shauryagangrade/intent-drift-skill/pull/33;https://github.com/shauryagangrade/intent-drift-skill/pull/34;https://github.com/shauryagangrade/intent-drift-skill/pull/35;https://github.com/shauryagangrade/intent-drift-skill/pull/36;https://github.com/shauryagangrade/intent-drift-skill/pull/37;https://github.com/shauryagangrade/intent-drift-skill/pull/38;https://github.com/shauryagangrade/intent-drift-skill/pull/39;https://github.com/shauryagangrade/intent-drift-skill/pull/40;https://github.com/shauryagangrade/intent-drift-skill/pull/41;https://github.com/shauryagangrade/intent-drift-skill/pull/90;https://github.com/shauryagangrade/intent-drift-skill/pull/91;https://github.com/shauryagangrade/intent-drift-skill/pull/92
aryansk,shauryagangrade/scout-issue,shauryagangrade/scout-issue,non_jupyter,included,recent_pr_activity,11,11,https://github.com/shauryagangrade/scout-issue/pull/14;https://github.com/shauryagangrade/scout-issue/pull/17;https://github.com/shauryagangrade/scout-issue/pull/18;https://github.com/shauryagangrade/scout-issue/pull/19;https://github.com/shauryagangrade/scout-issue/pull/20;https://github.com/shauryagangrade/scout-issue/pull/21;https://github.com/shauryagangrade/scout-issue/pull/22;https://github.com/shauryagangrade/scout-issue/pull/23;https://github.com/shauryagangrade/scout-issue/pull/24;https://github.com/shauryagangrade/scout-issue/pull/25;https://github.com/shauryagangrade/scout-issue/pull/26
aryansk,sphinx-doc/sphinx,sphinx-doc/sphinx,non_jupyter,included,recent_pr_activity,13,0,https://github.com/sphinx-doc/sphinx/pull/14586;https://github.com/sphinx-doc/sphinx/pull/14601;https://github.com/sphinx-doc/sphinx/pull/14605;https://github.com/sphinx-doc/sphinx/pull/14606;https://github.com/sphinx-doc/sphinx/pull/14607;https://github.com/sphinx-doc/sphinx/pull/14608;https://github.com/sphinx-doc/sphinx/pull/14609;https://github.com/sphinx-doc/sphinx/pull/14636;https://github.com/sphinx-doc/sphinx/pull/14638;https://github.com/sphinx-doc/sphinx/pull/14640;https://github.com/sphinx-doc/sphinx/pull/14641;https://github.com/sphinx-doc/sphinx/pull/14643;https://github.com/sphinx-doc/sphinx/pull/14644
aryansk,swiftlang/swift-format,swiftlang/swift-format,non_jupyter,included,recent_pr_activity,4,0,https://github.com/swiftlang/swift-format/pull/1257;https://github.com/swiftlang/swift-format/pull/1258;https://github.com/swiftlang/swift-format/pull/1262;https://github.com/swiftlang/swift-format/pull/1273
aryansk,vercel-labs/skills,vercel-labs/skills,non_jupyter,included,recent_pr_activity,4,0,https://github.com/vercel-labs/skills/pull/1849;https://github.com/vercel-labs/skills/pull/1850;https://github.com/vercel-labs/skills/pull/1914;https://github.com/vercel-labs/skills/pull/1919
aryansk,virgiliojr94/book-to-skill,virgiliojr94/book-to-skill,non_jupyter,included,recent_pr_activity,3,1,https://github.com/virgiliojr94/book-to-skill/pull/112;https://github.com/virgiliojr94/book-to-skill/pull/166;https://github.com/virgiliojr94/book-to-skill/pull/167
carreau,Carreau/kCubeGL,Carreau/kCubeGL,non_jupyter,unclassified_license,recent_pr_activity,59,59,https://github.com/Carreau/kCubeGL/pull/1;https://github.com/Carreau/kCubeGL/pull/2;https://github.com/Carreau/kCubeGL/pull/3;https://github.com/Carreau/kCubeGL/pull/4;https://github.com/Carreau/kCubeGL/pull/5;https://github.com/Carreau/kCubeGL/pull/6;https://github.com/Carreau/kCubeGL/pull/7;https://github.com/Carreau/kCubeGL/pull/8;https://github.com/Carreau/kCubeGL/pull/9;https://github.com/Carreau/kCubeGL/pull/10;https://github.com/Carreau/kCubeGL/pull/11;https://github.com/Carreau/kCubeGL/pull/12;https://github.com/Carreau/kCubeGL/pull/13;https://github.com/Carreau/kCubeGL/pull/14;https://github.com/Carreau/kCubeGL/pull/15;https://github.com/Carreau/kCubeGL/pull/16;https://github.com/Carreau/kCubeGL/pull/17;https://github.com/Carreau/kCubeGL/pull/18;https://github.com/Carreau/kCubeGL/pull/19;https://github.com/Carreau/kCubeGL/pull/20;https://github.com/Carreau/kCubeGL/pull/21;https://github.com/Carreau/kCubeGL/pull/22;https://github.com/Carreau/kCubeGL/pull/23;https://github.com/Carreau/kCubeGL/pull/24;https://github.com/Carreau/kCubeGL/pull/25;https://github.com/Carreau/kCubeGL/pull/26;https://github.com/Carreau/kCubeGL/pull/27;https://github.com/Carreau/kCubeGL/pull/28;https://github.com/Carreau/kCubeGL/pull/29;https://github.com/Carreau/kCubeGL/pull/30;https://github.com/Carreau/kCubeGL/pull/31;https://github.com/Carreau/kCubeGL/pull/32;https://github.com/Carreau/kCubeGL/pull/33;https://github.com/Carreau/kCubeGL/pull/34;https://github.com/Carreau/kCubeGL/pull/35;https://github.com/Carreau/kCubeGL/pull/36;https://github.com/Carreau/kCubeGL/pull/37;https://github.com/Carreau/kCubeGL/pull/38;https://github.com/Carreau/kCubeGL/pull/39;https://github.com/Carreau/kCubeGL/pull/40;https://github.com/Carreau/kCubeGL/pull/41;https://github.com/Carreau/kCubeGL/pull/42;https://github.com/Carreau/kCubeGL/pull/43;https://github.com/Carreau/kCubeGL/pull/44;https://github.com/Carreau/kCubeGL/pull/45;https://github.com/Carreau/kCubeGL/pull/46;https://github.com/Carreau/kCubeGL/pull/47;https://github.com/Carreau/kCubeGL/pull/48;https://github.com/Carreau/kCubeGL/pull/49;https://github.com/Carreau/kCubeGL/pull/50;https://github.com/Carreau/kCubeGL/pull/51;https://github.com/Carreau/kCubeGL/pull/52;https://github.com/Carreau/kCubeGL/pull/53;https://github.com/Carreau/kCubeGL/pull/54;https://github.com/Carreau/kCubeGL/pull/55;https://github.com/Carreau/kCubeGL/pull/56;https://github.com/Carreau/kCubeGL/pull/57;https://github.com/Carreau/kCubeGL/pull/58;https://github.com/Carreau/kCubeGL/pull/59
carreau,Carreau/menage-petit-nemo,Carreau/menage-petit-nemo,non_jupyter,unclassified_license,recent_pr_activity,4,4,https://github.com/Carreau/menage-petit-nemo/pull/1;https://github.com/Carreau/menage-petit-nemo/pull/2;https://github.com/Carreau/menage-petit-nemo/pull/3;https://github.com/Carreau/menage-petit-nemo/pull/4
carreau,Carreau/papyri,Carreau/papyri,non_jupyter,excluded_fork,recent_pr_activity,368,344,https://github.com/Carreau/papyri/pull/1;https://github.com/Carreau/papyri/pull/2;https://github.com/Carreau/papyri/pull/3;https://github.com/Carreau/papyri/pull/4;https://github.com/Carreau/papyri/pull/5;https://github.com/Carreau/papyri/pull/6;https://github.com/Carreau/papyri/pull/7;https://github.com/Carreau/papyri/pull/8;https://github.com/Carreau/papyri/pull/9;https://github.com/Carreau/papyri/pull/10;https://github.com/Carreau/papyri/pull/11;https://github.com/Carreau/papyri/pull/12;https://github.com/Carreau/papyri/pull/13;https://github.com/Carreau/papyri/pull/14;https://github.com/Carreau/papyri/pull/15;https://github.com/Carreau/papyri/pull/16;https://github.com/Carreau/papyri/pull/17;https://github.com/Carreau/papyri/pull/18;https://github.com/Carreau/papyri/pull/19;https://github.com/Carreau/papyri/pull/20;https://github.com/Carreau/papyri/pull/21;https://github.com/Carreau/papyri/pull/22;https://github.com/Carreau/papyri/pull/23;https://github.com/Carreau/papyri/pull/24;https://github.com/Carreau/papyri/pull/25;https://github.com/Carreau/papyri/pull/26;https://github.com/Carreau/papyri/pull/27;https://github.com/Carreau/papyri/pull/28;https://github.com/Carreau/papyri/pull/29;https://github.com/Carreau/papyri/pull/30;https://github.com/Carreau/papyri/pull/31;https://github.com/Carreau/papyri/pull/32;https://github.com/Carreau/papyri/pull/33;https://github.com/Carreau/papyri/pull/34;https://github.com/Carreau/papyri/pull/40;https://github.com/Carreau/papyri/pull/41;https://github.com/Carreau/papyri/pull/42;https://github.com/Carreau/papyri/pull/43;https://github.com/Carreau/papyri/pull/44;https://github.com/Carreau/papyri/pull/45;https://github.com/Carreau/papyri/pull/46;https://github.com/Carreau/papyri/pull/47;https://github.com/Carreau/papyri/pull/48;https://github.com/Carreau/papyri/pull/49;https://github.com/Carreau/papyri/pull/50;https://github.com/Carreau/papyri/pull/51;https://github.com/Carreau/papyri/pull/52;https://github.com/Carreau/papyri/pull/53;https://github.com/Carreau/papyri/pull/54;https://github.com/Carreau/papyri/pull/55;https://github.com/Carreau/papyri/pull/56;https://github.com/Carreau/papyri/pull/57;https://github.com/Carreau/papyri/pull/58;https://github.com/Carreau/papyri/pull/59;https://github.com/Carreau/papyri/pull/60;https://github.com/Carreau/papyri/pull/61;https://github.com/Carreau/papyri/pull/62;https://github.com/Carreau/papyri/pull/63;https://github.com/Carreau/papyri/pull/64;https://github.com/Carreau/papyri/pull/66;https://github.com/Carreau/papyri/pull/67;https://github.com/Carreau/papyri/pull/68;https://github.com/Carreau/papyri/pull/69;https://github.com/Carreau/papyri/pull/71;https://github.com/Carreau/papyri/pull/72;https://github.com/Carreau/papyri/pull/73;https://github.com/Carreau/papyri/pull/74;https://github.com/Carreau/papyri/pull/75;https://github.com/Carreau/papyri/pull/76;https://github.com/Carreau/papyri/pull/77;https://github.com/Carreau/papyri/pull/78;https://github.com/Carreau/papyri/pull/79;https://github.com/Carreau/papyri/pull/80;https://github.com/Carreau/papyri/pull/81;https://github.com/Carreau/papyri/pull/82;https://github.com/Carreau/papyri/pull/83;https://github.com/Carreau/papyri/pull/84;https://github.com/Carreau/papyri/pull/85;https://github.com/Carreau/papyri/pull/86;https://github.com/Carreau/papyri/pull/87;https://github.com/Carreau/papyri/pull/88;https://github.com/Carreau/papyri/pull/89;https://github.com/Carreau/papyri/pull/90;https://github.com/Carreau/papyri/pull/91;https://github.com/Carreau/papyri/pull/92;https://github.com/Carreau/papyri/pull/93;https://github.com/Carreau/papyri/pull/94;https://github.com/Carreau/papyri/pull/95;https://github.com/Carreau/papyri/pull/96;https://github.com/Carreau/papyri/pull/97;https://github.com/Carreau/papyri/pull/98;https://github.com/Carreau/papyri/pull/99;https://github.com/Carreau/papyri/pull/100;https://github.com/Carreau/papyri/pull/101;https://github.com/Carreau/papyri/pull/102;https://github.com/Carreau/papyri/pull/103;https://github.com/Carreau/papyri/pull/104;https://github.com/Carreau/papyri/pull/105;https://github.com/Carreau/papyri/pull/106;https://github.com/Carreau/papyri/pull/107;https://github.com/Carreau/papyri/pull/108;https://github.com/Carreau/papyri/pull/109;https://github.com/Carreau/papyri/pull/110;https://github.com/Carreau/papyri/pull/111;https://github.com/Carreau/papyri/pull/112;https://github.com/Carreau/papyri/pull/113;https://github.com/Carreau/papyri/pull/114;https://github.com/Carreau/papyri/pull/115;https://github.com/Carreau/papyri/pull/116;https://github.com/Carreau/papyri/pull/117;https://github.com/Carreau/papyri/pull/118;https://github.com/Carreau/papyri/pull/119;https://github.com/Carreau/papyri/pull/120;https://github.com/Carreau/papyri/pull/121;https://github.com/Carreau/papyri/pull/122;https://github.com/Carreau/papyri/pull/123;https://github.com/Carreau/papyri/pull/124;https://github.com/Carreau/papyri/pull/125;https://github.com/Carreau/papyri/pull/126;https://github.com/Carreau/papyri/pull/127;https://github.com/Carreau/papyri/pull/128;https://github.com/Carreau/papyri/pull/129;https://github.com/Carreau/papyri/pull/130;https://github.com/Carreau/papyri/pull/131;https://github.com/Carreau/papyri/pull/132;https://github.com/Carreau/papyri/pull/133;https://github.com/Carreau/papyri/pull/134;https://github.com/Carreau/papyri/pull/135;https://github.com/Carreau/papyri/pull/136;https://github.com/Carreau/papyri/pull/137;https://github.com/Carreau/papyri/pull/138;https://github.com/Carreau/papyri/pull/139;https://github.com/Carreau/papyri/pull/143;https://github.com/Carreau/papyri/pull/144;https://github.com/Carreau/papyri/pull/145;https://github.com/Carreau/papyri/pull/146;https://github.com/Carreau/papyri/pull/148;https://github.com/Carreau/papyri/pull/149;https://github.com/Carreau/papyri/pull/150;https://github.com/Carreau/papyri/pull/151;https://github.com/Carreau/papyri/pull/152;https://github.com/Carreau/papyri/pull/153;https://github.com/Carreau/papyri/pull/154;https://github.com/Carreau/papyri/pull/155;https://github.com/Carreau/papyri/pull/156;https://github.com/Carreau/papyri/pull/157;https://github.com/Carreau/papyri/pull/158;https://github.com/Carreau/papyri/pull/159;https://github.com/Carreau/papyri/pull/160;https://github.com/Carreau/papyri/pull/161;https://github.com/Carreau/papyri/pull/162;https://github.com/Carreau/papyri/pull/163;https://github.com/Carreau/papyri/pull/164;https://github.com/Carreau/papyri/pull/165;https://github.com/Carreau/papyri/pull/166;https://github.com/Carreau/papyri/pull/167;https://github.com/Carreau/papyri/pull/168;https://github.com/Carreau/papyri/pull/169;https://github.com/Carreau/papyri/pull/170;https://github.com/Carreau/papyri/pull/171;https://github.com/Carreau/papyri/pull/172;https://github.com/Carreau/papyri/pull/173;https://github.com/Carreau/papyri/pull/174;https://github.com/Carreau/papyri/pull/175;https://github.com/Carreau/papyri/pull/176;https://github.com/Carreau/papyri/pull/177;https://github.com/Carreau/papyri/pull/181;https://github.com/Carreau/papyri/pull/183;https://github.com/Carreau/papyri/pull/184;https://github.com/Carreau/papyri/pull/185;https://github.com/Carreau/papyri/pull/187;https://github.com/Carreau/papyri/pull/188;https://github.com/Carreau/papyri/pull/189;https://github.com/Carreau/papyri/pull/190;https://github.com/Carreau/papyri/pull/191;https://github.com/Carreau/papyri/pull/193;https://github.com/Carreau/papyri/pull/194;https://github.com/Carreau/papyri/pull/195;https://github.com/Carreau/papyri/pull/196;https://github.com/Carreau/papyri/pull/197;https://github.com/Carreau/papyri/pull/198;https://github.com/Carreau/papyri/pull/199;https://github.com/Carreau/papyri/pull/200;https://github.com/Carreau/papyri/pull/201;https://github.com/Carreau/papyri/pull/202;https://github.com/Carreau/papyri/pull/203;https://github.com/Carreau/papyri/pull/204;https://github.com/Carreau/papyri/pull/205;https://github.com/Carreau/papyri/pull/206;https://github.com/Carreau/papyri/pull/207;https://github.com/Carreau/papyri/pull/208;https://github.com/Carreau/papyri/pull/209;https://github.com/Carreau/papyri/pull/210;https://github.com/Carreau/papyri/pull/211;https://github.com/Carreau/papyri/pull/212;https://github.com/Carreau/papyri/pull/213;https://github.com/Carreau/papyri/pull/214;https://github.com/Carreau/papyri/pull/215;https://github.com/Carreau/papyri/pull/216;https://github.com/Carreau/papyri/pull/217;https://github.com/Carreau/papyri/pull/219;https://github.com/Carreau/papyri/pull/222;https://github.com/Carreau/papyri/pull/223;https://github.com/Carreau/papyri/pull/224;https://github.com/Carreau/papyri/pull/225;https://github.com/Carreau/papyri/pull/227;https://github.com/Carreau/papyri/pull/228;https://github.com/Carreau/papyri/pull/229;https://github.com/Carreau/papyri/pull/230;https://github.com/Carreau/papyri/pull/231;https://github.com/Carreau/papyri/pull/232;https://github.com/Carreau/papyri/pull/233;https://github.com/Carreau/papyri/pull/234;https://github.com/Carreau/papyri/pull/235;https://github.com/Carreau/papyri/pull/236;https://github.com/Carreau/papyri/pull/237;https://github.com/Carreau/papyri/pull/238;https://github.com/Carreau/papyri/pull/239;https://github.com/Carreau/papyri/pull/240;https://github.com/Carreau/papyri/pull/241;https://github.com/Carreau/papyri/pull/242;https://github.com/Carreau/papyri/pull/243;https://github.com/Carreau/papyri/pull/244;https://github.com/Carreau/papyri/pull/245;https://github.com/Carreau/papyri/pull/246;https://github.com/Carreau/papyri/pull/247;https://github.com/Carreau/papyri/pull/248;https://github.com/Carreau/papyri/pull/249;https://github.com/Carreau/papyri/pull/250;https://github.com/Carreau/papyri/pull/251;https://github.com/Carreau/papyri/pull/252;https://github.com/Carreau/papyri/pull/253;https://github.com/Carreau/papyri/pull/254;https://github.com/Carreau/papyri/pull/255;https://github.com/Carreau/papyri/pull/256;https://github.com/Carreau/papyri/pull/257;https://github.com/Carreau/papyri/pull/258;https://github.com/Carreau/papyri/pull/259;https://github.com/Carreau/papyri/pull/260;https://github.com/Carreau/papyri/pull/261;https://github.com/Carreau/papyri/pull/262;https://github.com/Carreau/papyri/pull/263;https://github.com/Carreau/papyri/pull/264;https://github.com/Carreau/papyri/pull/265;https://github.com/Carreau/papyri/pull/266;https://github.com/Carreau/papyri/pull/267;https://github.com/Carreau/papyri/pull/268;https://github.com/Carreau/papyri/pull/269;https://github.com/Carreau/papyri/pull/270;https://github.com/Carreau/papyri/pull/271;https://github.com/Carreau/papyri/pull/272;https://github.com/Carreau/papyri/pull/273;https://github.com/Carreau/papyri/pull/274;https://github.com/Carreau/papyri/pull/275;https://github.com/Carreau/papyri/pull/276;https://github.com/Carreau/papyri/pull/277;https://github.com/Carreau/papyri/pull/278;https://github.com/Carreau/papyri/pull/279;https://github.com/Carreau/papyri/pull/280;https://github.com/Carreau/papyri/pull/281;https://github.com/Carreau/papyri/pull/282;https://github.com/Carreau/papyri/pull/283;https://github.com/Carreau/papyri/pull/284;https://github.com/Carreau/papyri/pull/285;https://github.com/Carreau/papyri/pull/286;https://github.com/Carreau/papyri/pull/291;https://github.com/Carreau/papyri/pull/292;https://github.com/Carreau/papyri/pull/293;https://github.com/Carreau/papyri/pull/294;https://github.com/Carreau/papyri/pull/295;https://github.com/Carreau/papyri/pull/296;https://github.com/Carreau/papyri/pull/297;https://github.com/Carreau/papyri/pull/298;https://github.com/Carreau/papyri/pull/299;https://github.com/Carreau/papyri/pull/300;https://github.com/Carreau/papyri/pull/301;https://github.com/Carreau/papyri/pull/302;https://github.com/Carreau/papyri/pull/303;https://github.com/Carreau/papyri/pull/304;https://github.com/Carreau/papyri/pull/305;https://github.com/Carreau/papyri/pull/306;https://github.com/Carreau/papyri/pull/307;https://github.com/Carreau/papyri/pull/308;https://github.com/Carreau/papyri/pull/309;https://github.com/Carreau/papyri/pull/310;https://github.com/Carreau/papyri/pull/311;https://github.com/Carreau/papyri/pull/312;https://github.com/Carreau/papyri/pull/313;https://github.com/Carreau/papyri/pull/314;https://github.com/Carreau/papyri/pull/315;https://github.com/Carreau/papyri/pull/316;https://github.com/Carreau/papyri/pull/317;https://github.com/Carreau/papyri/pull/318;https://github.com/Carreau/papyri/pull/319;https://github.com/Carreau/papyri/pull/320;https://github.com/Carreau/papyri/pull/321;https://github.com/Carreau/papyri/pull/322;https://github.com/Carreau/papyri/pull/323;https://github.com/Carreau/papyri/pull/324;https://github.com/Carreau/papyri/pull/325;https://github.com/Carreau/papyri/pull/326;https://github.com/Carreau/papyri/pull/327;https://github.com/Carreau/papyri/pull/328;https://github.com/Carreau/papyri/pull/329;https://github.com/Carreau/papyri/pull/330;https://github.com/Carreau/papyri/pull/331;https://github.com/Carreau/papyri/pull/332;https://github.com/Carreau/papyri/pull/333;https://github.com/Carreau/papyri/pull/334;https://github.com/Carreau/papyri/pull/335;https://github.com/Carreau/papyri/pull/336;https://github.com/Carreau/papyri/pull/337;https://github.com/Carreau/papyri/pull/338;https://github.com/Carreau/papyri/pull/339;https://github.com/Carreau/papyri/pull/340;https://github.com/Carreau/papyri/pull/341;https://github.com/Carreau/papyri/pull/342;https://github.com/Carreau/papyri/pull/343;https://github.com/Carreau/papyri/pull/344;https://github.com/Carreau/papyri/pull/345;https://github.com/Carreau/papyri/pull/346;https://github.com/Carreau/papyri/pull/347;https://github.com/Carreau/papyri/pull/348;https://github.com/Carreau/papyri/pull/349;https://github.com/Carreau/papyri/pull/350;https://github.com/Carreau/papyri/pull/351;https://github.com/Carreau/papyri/pull/352;https://github.com/Carreau/papyri/pull/353;https://github.com/Carreau/papyri/pull/354;https://github.com/Carreau/papyri/pull/355;https://github.com/Carreau/papyri/pull/356;https://github.com/Carreau/papyri/pull/357;https://github.com/Carreau/papyri/pull/358;https://github.com/Carreau/papyri/pull/359;https://github.com/Carreau/papyri/pull/360;https://github.com/Carreau/papyri/pull/361;https://github.com/Carreau/papyri/pull/362;https://github.com/Carreau/papyri/pull/363;https://github.com/Carreau/papyri/pull/364;https://github.com/Carreau/papyri/pull/365;https://github.com/Carreau/papyri/pull/366;https://github.com/Carreau/papyri/pull/367;https://github.com/Carreau/papyri/pull/368;https://github.com/Carreau/papyri/pull/369;https://github.com/Carreau/papyri/pull/373;https://github.com/Carreau/papyri/pull/374;https://github.com/Carreau/papyri/pull/375;https://github.com/Carreau/papyri/pull/376;https://github.com/Carreau/papyri/pull/379;https://github.com/Carreau/papyri/pull/380;https://github.com/Carreau/papyri/pull/381;https://github.com/Carreau/papyri/pull/382;https://github.com/Carreau/papyri/pull/384;https://github.com/Carreau/papyri/pull/385;https://github.com/Carreau/papyri/pull/386;https://github.com/Carreau/papyri/pull/387;https://github.com/Carreau/papyri/pull/391;https://github.com/Carreau/papyri/pull/392;https://github.com/Carreau/papyri/pull/404;https://github.com/Carreau/papyri/pull/405;https://github.com/Carreau/papyri/pull/406;https://github.com/Carreau/papyri/pull/407;https://github.com/Carreau/papyri/pull/408;https://github.com/Carreau/papyri/pull/411;https://github.com/Carreau/papyri/pull/412;https://github.com/Carreau/papyri/pull/413;https://github.com/Carreau/papyri/pull/414;https://github.com/Carreau/papyri/pull/424
carreau,Carreau/sphinx_toml,Carreau/sphinx_toml,non_jupyter,included,recent_pr_activity,3,3,https://github.com/Carreau/sphinx_toml/pull/1;https://github.com/Carreau/sphinx_toml/pull/2;https://github.com/Carreau/sphinx_toml/pull/3
carreau,Carreau/tree-sitter-rst,Carreau/tree-sitter-rst,non_jupyter,excluded_fork,recent_pr_activity,46,31,https://github.com/Carreau/tree-sitter-rst/pull/1;https://github.com/Carreau/tree-sitter-rst/pull/2;https://github.com/Carreau/tree-sitter-rst/pull/3;https://github.com/Carreau/tree-sitter-rst/pull/4;https://github.com/Carreau/tree-sitter-rst/pull/5;https://github.com/Carreau/tree-sitter-rst/pull/6;https://github.com/Carreau/tree-sitter-rst/pull/7;https://github.com/Carreau/tree-sitter-rst/pull/8;https://github.com/Carreau/tree-sitter-rst/pull/9;https://github.com/Carreau/tree-sitter-rst/pull/10;https://github.com/Carreau/tree-sitter-rst/pull/11;https://github.com/Carreau/tree-sitter-rst/pull/12;https://github.com/Carreau/tree-sitter-rst/pull/13;https://github.com/Carreau/tree-sitter-rst/pull/14;https://github.com/Carreau/tree-sitter-rst/pull/15;https://github.com/Carreau/tree-sitter-rst/pull/16;https://github.com/Carreau/tree-sitter-rst/pull/17;https://github.com/Carreau/tree-sitter-rst/pull/18;https://github.com/Carreau/tree-sitter-rst/pull/19;https://github.com/Carreau/tree-sitter-rst/pull/20;https://github.com/Carreau/tree-sitter-rst/pull/21;https://github.com/Carreau/tree-sitter-rst/pull/22;https://github.com/Carreau/tree-sitter-rst/pull/23;https://github.com/Carreau/tree-sitter-rst/pull/24;https://github.com/Carreau/tree-sitter-rst/pull/25;https://github.com/Carreau/tree-sitter-rst/pull/26;https://github.com/Carreau/tree-sitter-rst/pull/27;https://github.com/Carreau/tree-sitter-rst/pull/28;https://github.com/Carreau/tree-sitter-rst/pull/29;https://github.com/Carreau/tree-sitter-rst/pull/30;https://github.com/Carreau/tree-sitter-rst/pull/38;https://github.com/Carreau/tree-sitter-rst/pull/39;https://github.com/Carreau/tree-sitter-rst/pull/40;https://github.com/Carreau/tree-sitter-rst/pull/41;https://github.com/Carreau/tree-sitter-rst/pull/42;https://github.com/Carreau/tree-sitter-rst/pull/43;https://github.com/Carreau/tree-sitter-rst/pull/44;https://github.com/Carreau/tree-sitter-rst/pull/45;https://github.com/Carreau/tree-sitter-rst/pull/46;https://github.com/Carreau/tree-sitter-rst/pull/47;https://github.com/Carreau/tree-sitter-rst/pull/48;https://github.com/Carreau/tree-sitter-rst/pull/50;https://github.com/Carreau/tree-sitter-rst/pull/51;https://github.com/Carreau/tree-sitter-rst/pull/55;https://github.com/Carreau/tree-sitter-rst/pull/56;https://github.com/Carreau/tree-sitter-rst/pull/62
carreau,Quansight-Labs/intersphinx_registry,Quansight-Labs/intersphinx_registry,non_jupyter,included,recent_pr_activity,4,4,https://github.com/Quansight-Labs/intersphinx_registry/pull/87;https://github.com/Quansight-Labs/intersphinx_registry/pull/89;https://github.com/Quansight-Labs/intersphinx_registry/pull/102;https://github.com/Quansight-Labs/intersphinx_registry/pull/112
carreau,Pyflyby,deshaw/pyflyby,non_jupyter,included,recent_pr_activity,83,83,https://github.com/deshaw/pyflyby/pull/466;https://github.com/deshaw/pyflyby/pull/467;https://github.com/deshaw/pyflyby/pull/470;https://github.com/deshaw/pyflyby/pull/474;https://github.com/deshaw/pyflyby/pull/475;https://github.com/deshaw/pyflyby/pull/476;https://github.com/deshaw/pyflyby/pull/477;https://github.com/deshaw/pyflyby/pull/478;https://github.com/deshaw/pyflyby/pull/482;https://github.com/deshaw/pyflyby/pull/489;https://github.com/deshaw/pyflyby/pull/491;https://github.com/deshaw/pyflyby/pull/492;https://github.com/deshaw/pyflyby/pull/493;https://github.com/deshaw/pyflyby/pull/494;https://github.com/deshaw/pyflyby/pull/495;https://github.com/deshaw/pyflyby/pull/496;https://github.com/deshaw/pyflyby/pull/497;https://github.com/deshaw/pyflyby/pull/498;https://github.com/deshaw/pyflyby/pull/499;https://github.com/deshaw/pyflyby/pull/500;https://github.com/deshaw/pyflyby/pull/503;https://github.com/deshaw/pyflyby/pull/504;https://github.com/deshaw/pyflyby/pull/506;https://github.com/deshaw/pyflyby/pull/511;https://github.com/deshaw/pyflyby/pull/512;https://github.com/deshaw/pyflyby/pull/513;https://github.com/deshaw/pyflyby/pull/514;https://github.com/deshaw/pyflyby/pull/516;https://github.com/deshaw/pyflyby/pull/518;https://github.com/deshaw/pyflyby/pull/519;https://github.com/deshaw/pyflyby/pull/520;https://github.com/deshaw/pyflyby/pull/521;https://github.com/deshaw/pyflyby/pull/522;https://github.com/deshaw/pyflyby/pull/524;https://github.com/deshaw/pyflyby/pull/527;https://github.com/deshaw/pyflyby/pull/528;https://github.com/deshaw/pyflyby/pull/529;https://github.com/deshaw/pyflyby/pull/530;https://github.com/deshaw/pyflyby/pull/531;https://github.com/deshaw/pyflyby/pull/532;https://github.com/deshaw/pyflyby/pull/533;https://github.com/deshaw/pyflyby/pull/534;https://github.com/deshaw/pyflyby/pull/535;https://github.com/deshaw/pyflyby/pull/538;https://github.com/deshaw/pyflyby/pull/539;https://github.com/deshaw/pyflyby/pull/540;https://github.com/deshaw/pyflyby/pull/542;https://github.com/deshaw/pyflyby/pull/543;https://github.com/deshaw/pyflyby/pull/544;https://github.com/deshaw/pyflyby/pull/546;https://github.com/deshaw/pyflyby/pull/547;https://github.com/deshaw/pyflyby/pull/548;https://github.com/deshaw/pyflyby/pull/549;https://github.com/deshaw/pyflyby/pull/553;https://github.com/deshaw/pyflyby/pull/557;https://github.com/deshaw/pyflyby/pull/558;https://github.com/deshaw/pyflyby/pull/567;https://github.com/deshaw/pyflyby/pull/568;https://github.com/deshaw/pyflyby/pull/569;https://github.com/deshaw/pyflyby/pull/570;https://github.com/deshaw/pyflyby/pull/571;https://github.com/deshaw/pyflyby/pull/572;https://github.com/deshaw/pyflyby/pull/573;https://github.com/deshaw/pyflyby/pull/574;https://github.com/deshaw/pyflyby/pull/575;https://github.com/deshaw/pyflyby/pull/579;https://github.com/deshaw/pyflyby/pull/580;https://github.com/deshaw/pyflyby/pull/581;https://github.com/deshaw/pyflyby/pull/582;https://github.com/deshaw/pyflyby/pull/583;https://github.com/deshaw/pyflyby/pull/586;https://github.com/deshaw/pyflyby/pull/587;https://github.com/deshaw/pyflyby/pull/588;https://github.com/deshaw/pyflyby/pull/589;https://github.com/deshaw/pyflyby/pull/591;https://github.com/deshaw/pyflyby/pull/592;https://github.com/deshaw/pyflyby/pull/593;https://github.com/deshaw/pyflyby/pull/594;https://github.com/deshaw/pyflyby/pull/595;https://github.com/deshaw/pyflyby/pull/596;https://github.com/deshaw/pyflyby/pull/600;https://github.com/deshaw/pyflyby/pull/601;https://github.com/deshaw/pyflyby/pull/602
carreau,ipython/ipykernel,ipython/ipykernel,official_jupyter,included,recent_pr_activity,13,9,https://github.com/ipython/ipykernel/pull/1518;https://github.com/ipython/ipykernel/pull/1524;https://github.com/ipython/ipykernel/pull/1525;https://github.com/ipython/ipykernel/pull/1542;https://github.com/ipython/ipykernel/pull/1543;https://github.com/ipython/ipykernel/pull/1544;https://github.com/ipython/ipykernel/pull/1545;https://github.com/ipython/ipykernel/pull/1551;https://github.com/ipython/ipykernel/pull/1552;https://github.com/ipython/ipykernel/pull/1553;https://github.com/ipython/ipykernel/pull/1556;https://github.com/ipython/ipykernel/pull/1561;https://github.com/ipython/ipykernel/pull/1562
carreau,ipython/ipython,ipython/ipython,official_jupyter,included,recent_pr_activity,93,81,https://github.com/ipython/ipython/pull/15113;https://github.com/ipython/ipython/pull/15118;https://github.com/ipython/ipython/pull/15119;https://github.com/ipython/ipython/pull/15120;https://github.com/ipython/ipython/pull/15121;https://github.com/ipython/ipython/pull/15126;https://github.com/ipython/ipython/pull/15130;https://github.com/ipython/ipython/pull/15133;https://github.com/ipython/ipython/pull/15134;https://github.com/ipython/ipython/pull/15138;https://github.com/ipython/ipython/pull/15139;https://github.com/ipython/ipython/pull/15140;https://github.com/ipython/ipython/pull/15141;https://github.com/ipython/ipython/pull/15142;https://github.com/ipython/ipython/pull/15144;https://github.com/ipython/ipython/pull/15146;https://github.com/ipython/ipython/pull/15149;https://github.com/ipython/ipython/pull/15165;https://github.com/ipython/ipython/pull/15166;https://github.com/ipython/ipython/pull/15169;https://github.com/ipython/ipython/pull/15175;https://github.com/ipython/ipython/pull/15182;https://github.com/ipython/ipython/pull/15188;https://github.com/ipython/ipython/pull/15189;https://github.com/ipython/ipython/pull/15194;https://github.com/ipython/ipython/pull/15195;https://github.com/ipython/ipython/pull/15199;https://github.com/ipython/ipython/pull/15224;https://github.com/ipython/ipython/pull/15225;https://github.com/ipython/ipython/pull/15228;https://github.com/ipython/ipython/pull/15235;https://github.com/ipython/ipython/pull/15237;https://github.com/ipython/ipython/pull/15238;https://github.com/ipython/ipython/pull/15246;https://github.com/ipython/ipython/pull/15251;https://github.com/ipython/ipython/pull/15252;https://github.com/ipython/ipython/pull/15253;https://github.com/ipython/ipython/pull/15254;https://github.com/ipython/ipython/pull/15255;https://github.com/ipython/ipython/pull/15257;https://github.com/ipython/ipython/pull/15258;https://github.com/ipython/ipython/pull/15261;https://github.com/ipython/ipython/pull/15269;https://github.com/ipython/ipython/pull/15271;https://github.com/ipython/ipython/pull/15282;https://github.com/ipython/ipython/pull/15283;https://github.com/ipython/ipython/pull/15284;https://github.com/ipython/ipython/pull/15285;https://github.com/ipython/ipython/pull/15286;https://github.com/ipython/ipython/pull/15289;https://github.com/ipython/ipython/pull/15290;https://github.com/ipython/ipython/pull/15291;https://github.com/ipython/ipython/pull/15292;https://github.com/ipython/ipython/pull/15293;https://github.com/ipython/ipython/pull/15294;https://github.com/ipython/ipython/pull/15296;https://github.com/ipython/ipython/pull/15298;https://github.com/ipython/ipython/pull/15299;https://github.com/ipython/ipython/pull/15300;https://github.com/ipython/ipython/pull/15301;https://github.com/ipython/ipython/pull/15302;https://github.com/ipython/ipython/pull/15303;https://github.com/ipython/ipython/pull/15304;https://github.com/ipython/ipython/pull/15305;https://github.com/ipython/ipython/pull/15306;https://github.com/ipython/ipython/pull/15307;https://github.com/ipython/ipython/pull/15309;https://github.com/ipython/ipython/pull/15310;https://github.com/ipython/ipython/pull/15311;https://github.com/ipython/ipython/pull/15322;https://github.com/ipython/ipython/pull/15323;https://github.com/ipython/ipython/pull/15324;https://github.com/ipython/ipython/pull/15325;https://github.com/ipython/ipython/pull/15326;https://github.com/ipython/ipython/pull/15329;https://github.com/ipython/ipython/pull/15330;https://github.com/ipython/ipython/pull/15331;https://github.com/ipython/ipython/pull/15333;https://github.com/ipython/ipython/pull/15340;https://github.com/ipython/ipython/pull/15342;https://github.com/ipython/ipython/pull/15343;https://github.com/ipython/ipython/pull/15350;https://github.com/ipython/ipython/pull/15351;https://github.com/ipython/ipython/pull/15352;https://github.com/ipython/ipython/pull/15353;https://github.com/ipython/ipython/pull/15354;https://github.com/ipython/ipython/pull/15356;https://github.com/ipython/ipython/pull/15358;https://github.com/ipython/ipython/pull/15376;https://github.com/ipython/ipython/pull/15378;https://github.com/ipython/ipython/pull/15381;https://github.com/ipython/ipython/pull/15385;https://github.com/ipython/ipython/pull/15393
carreau,ipython/matplotlib-inline,ipython/matplotlib-inline,official_jupyter,included,recent_pr_activity,3,3,https://github.com/ipython/matplotlib-inline/pull/64;https://github.com/ipython/matplotlib-inline/pull/66;https://github.com/ipython/matplotlib-inline/pull/67
carreau,ipython/traitlets,ipython/traitlets,official_jupyter,included,recent_pr_activity,28,25,https://github.com/ipython/traitlets/pull/943;https://github.com/ipython/traitlets/pull/944;https://github.com/ipython/traitlets/pull/946;https://github.com/ipython/traitlets/pull/947;https://github.com/ipython/traitlets/pull/948;https://github.com/ipython/traitlets/pull/949;https://github.com/ipython/traitlets/pull/950;https://github.com/ipython/traitlets/pull/951;https://github.com/ipython/traitlets/pull/952;https://github.com/ipython/traitlets/pull/953;https://github.com/ipython/traitlets/pull/954;https://github.com/ipython/traitlets/pull/956;https://github.com/ipython/traitlets/pull/958;https://github.com/ipython/traitlets/pull/959;https://github.com/ipython/traitlets/pull/960;https://github.com/ipython/traitlets/pull/961;https://github.com/ipython/traitlets/pull/963;https://github.com/ipython/traitlets/pull/964;https://github.com/ipython/traitlets/pull/965;https://github.com/ipython/traitlets/pull/966;https://github.com/ipython/traitlets/pull/968;https://github.com/ipython/traitlets/pull/969;https://github.com/ipython/traitlets/pull/970;https://github.com/ipython/traitlets/pull/971;https://github.com/ipython/traitlets/pull/972;https://github.com/ipython/traitlets/pull/973;https://github.com/ipython/traitlets/pull/974;https://github.com/ipython/traitlets/pull/985
carreau,jupyter-server/jupyter_server,jupyter-server/jupyter_server,official_jupyter,included,recent_pr_activity,9,7,https://github.com/jupyter-server/jupyter_server/pull/1623;https://github.com/jupyter-server/jupyter_server/pull/1624;https://github.com/jupyter-server/jupyter_server/pull/1625;https://github.com/jupyter-server/jupyter_server/pull/1627;https://github.com/jupyter-server/jupyter_server/pull/1628;https://github.com/jupyter-server/jupyter_server/pull/1630;https://github.com/jupyter-server/jupyter_server/pull/1688;https://github.com/jupyter-server/jupyter_server/pull/1691;https://github.com/jupyter-server/jupyter_server/pull/1692
carreau,jupyter-server/jupyter_server_fileid,jupyter-server/jupyter_server_fileid,official_jupyter,included,recent_pr_activity,4,3,https://github.com/jupyter-server/jupyter_server_fileid/pull/84;https://github.com/jupyter-server/jupyter_server_fileid/pull/85;https://github.com/jupyter-server/jupyter_server_fileid/pull/86;https://github.com/jupyter-server/jupyter_server_fileid/pull/87
carreau,jupyter/jupyter_client,jupyter/jupyter_client,official_jupyter,included,recent_pr_activity,4,3,https://github.com/jupyter/jupyter_client/pull/1113;https://github.com/jupyter/jupyter_client/pull/1115;https://github.com/jupyter/jupyter_client/pull/1116;https://github.com/jupyter/jupyter_client/pull/1117
carreau,jupyter/nbclient,jupyter/nbclient,official_jupyter,included,recent_pr_activity,4,4,https://github.com/jupyter/nbclient/pull/342;https://github.com/jupyter/nbclient/pull/343;https://github.com/jupyter/nbclient/pull/345;https://github.com/jupyter/nbclient/pull/347
carreau,jupyter/nbdime,jupyter/nbdime,official_jupyter,included,recent_pr_activity,3,3,https://github.com/jupyter/nbdime/pull/802;https://github.com/jupyter/nbdime/pull/806;https://github.com/jupyter/nbdime/pull/807
carreau,jupyter/nbformat,jupyter/nbformat,official_jupyter,included,recent_pr_activity,15,13,https://github.com/jupyter/nbformat/pull/436;https://github.com/jupyter/nbformat/pull/437;https://github.com/jupyter/nbformat/pull/438;https://github.com/jupyter/nbformat/pull/439;https://github.com/jupyter/nbformat/pull/440;https://github.com/jupyter/nbformat/pull/442;https://github.com/jupyter/nbformat/pull/443;https://github.com/jupyter/nbformat/pull/444;https://github.com/jupyter/nbformat/pull/445;https://github.com/jupyter/nbformat/pull/447;https://github.com/jupyter/nbformat/pull/450;https://github.com/jupyter/nbformat/pull/455;https://github.com/jupyter/nbformat/pull/456;https://github.com/jupyter/nbformat/pull/458;https://github.com/jupyter/nbformat/pull/459
carreau,jupyter/papyri,jupyter/papyri,official_jupyter,included,recent_pr_activity,8,8,https://github.com/jupyter/papyri/pull/412;https://github.com/jupyter/papyri/pull/413;https://github.com/jupyter/papyri/pull/414;https://github.com/jupyter/papyri/pull/415;https://github.com/jupyter/papyri/pull/416;https://github.com/jupyter/papyri/pull/417;https://github.com/jupyter/papyri/pull/418;https://github.com/jupyter/papyri/pull/439
carreau,jupyter/security,jupyter/security,official_jupyter,included,recent_pr_activity,3,0,https://github.com/jupyter/security/pull/119;https://github.com/jupyter/security/pull/127;https://github.com/jupyter/security/pull/133
carreau,jupyterlab/jupyter-collaboration,jupyterlab/jupyter-collaboration,official_jupyter,included,recent_pr_activity,4,4,https://github.com/jupyterlab/jupyter-collaboration/pull/540;https://github.com/jupyterlab/jupyter-collaboration/pull/541;https://github.com/jupyterlab/jupyter-collaboration/pull/543;https://github.com/jupyterlab/jupyter-collaboration/pull/612
carreau,jupyterlab/jupyterlab,jupyterlab/jupyterlab,official_jupyter,included,recent_pr_activity,13,11,https://github.com/jupyterlab/jupyterlab/pull/18571;https://github.com/jupyterlab/jupyterlab/pull/18728;https://github.com/jupyterlab/jupyterlab/pull/18729;https://github.com/jupyterlab/jupyterlab/pull/18732;https://github.com/jupyterlab/jupyterlab/pull/18735;https://github.com/jupyterlab/jupyterlab/pull/18750;https://github.com/jupyterlab/jupyterlab/pull/18751;https://github.com/jupyterlab/jupyterlab/pull/18759;https://github.com/jupyterlab/jupyterlab/pull/18761;https://github.com/jupyterlab/jupyterlab/pull/18762;https://github.com/jupyterlab/jupyterlab/pull/18763;https://github.com/jupyterlab/jupyterlab/pull/18784;https://github.com/jupyterlab/jupyterlab/pull/18785
carreau,numpy/numpy,numpy/numpy,non_jupyter,included,recent_pr_activity,7,7,https://github.com/numpy/numpy/pull/30771;https://github.com/numpy/numpy/pull/31300;https://github.com/numpy/numpy/pull/31310;https://github.com/numpy/numpy/pull/31422;https://github.com/numpy/numpy/pull/31514;https://github.com/numpy/numpy/pull/31524;https://github.com/numpy/numpy/pull/31543
carreau,PyData Sphinx Theme,pydata/pydata-sphinx-theme,non_jupyter,included,recent_pr_activity,5,5,https://github.com/pydata/pydata-sphinx-theme/pull/2292;https://github.com/pydata/pydata-sphinx-theme/pull/2305;https://github.com/pydata/pydata-sphinx-theme/pull/2335;https://github.com/pydata/pydata-sphinx-theme/pull/2337;https://github.com/pydata/pydata-sphinx-theme/pull/2417
carreau,scipy/scipy,scipy/scipy,non_jupyter,included,recent_pr_activity,9,8,https://github.com/scipy/scipy/pull/24305;https://github.com/scipy/scipy/pull/25046;https://github.com/scipy/scipy/pull/25047;https://github.com/scipy/scipy/pull/25048;https://github.com/scipy/scipy/pull/25054;https://github.com/scipy/scipy/pull/25179;https://github.com/scipy/scipy/pull/25239;https://github.com/scipy/scipy/pull/25270;https://github.com/scipy/scipy/pull/25276
carreau,stsewd/tree-sitter-rst,stsewd/tree-sitter-rst,non_jupyter,included,recent_pr_activity,7,4,https://github.com/stsewd/tree-sitter-rst/pull/66;https://github.com/stsewd/tree-sitter-rst/pull/67;https://github.com/stsewd/tree-sitter-rst/pull/69;https://github.com/stsewd/tree-sitter-rst/pull/70;https://github.com/stsewd/tree-sitter-rst/pull/71;https://github.com/stsewd/tree-sitter-rst/pull/72;https://github.com/stsewd/tree-sitter-rst/pull/73
choldgraf,2i2c deployments,2i2c-org/2i2c-org.github.io,adjacent_jupyter,excluded_ancillary,recent_pr_activity,29,29,https://github.com/2i2c-org/2i2c-org.github.io/pull/570;https://github.com/2i2c-org/2i2c-org.github.io/pull/573;https://github.com/2i2c-org/2i2c-org.github.io/pull/574;https://github.com/2i2c-org/2i2c-org.github.io/pull/575;https://github.com/2i2c-org/2i2c-org.github.io/pull/576;https://github.com/2i2c-org/2i2c-org.github.io/pull/577;https://github.com/2i2c-org/2i2c-org.github.io/pull/580;https://github.com/2i2c-org/2i2c-org.github.io/pull/581;https://github.com/2i2c-org/2i2c-org.github.io/pull/583;https://github.com/2i2c-org/2i2c-org.github.io/pull/584;https://github.com/2i2c-org/2i2c-org.github.io/pull/586;https://github.com/2i2c-org/2i2c-org.github.io/pull/587;https://github.com/2i2c-org/2i2c-org.github.io/pull/593;https://github.com/2i2c-org/2i2c-org.github.io/pull/594;https://github.com/2i2c-org/2i2c-org.github.io/pull/595;https://github.com/2i2c-org/2i2c-org.github.io/pull/597;https://github.com/2i2c-org/2i2c-org.github.io/pull/598;https://github.com/2i2c-org/2i2c-org.github.io/pull/600;https://github.com/2i2c-org/2i2c-org.github.io/pull/603;https://github.com/2i2c-org/2i2c-org.github.io/pull/607;https://github.com/2i2c-org/2i2c-org.github.io/pull/608;https://github.com/2i2c-org/2i2c-org.github.io/pull/609;https://github.com/2i2c-org/2i2c-org.github.io/pull/612;https://github.com/2i2c-org/2i2c-org.github.io/pull/618;https://github.com/2i2c-org/2i2c-org.github.io/pull/621;https://github.com/2i2c-org/2i2c-org.github.io/pull/622;https://github.com/2i2c-org/2i2c-org.github.io/pull/632;https://github.com/2i2c-org/2i2c-org.github.io/pull/633;https://github.com/2i2c-org/2i2c-org.github.io/pull/636
choldgraf,2i2c deployments,2i2c-org/docs,adjacent_jupyter,excluded_ancillary,recent_pr_activity,11,11,https://github.com/2i2c-org/docs/pull/296;https://github.com/2i2c-org/docs/pull/298;https://github.com/2i2c-org/docs/pull/299;https://github.com/2i2c-org/docs/pull/301;https://github.com/2i2c-org/docs/pull/308;https://github.com/2i2c-org/docs/pull/310;https://github.com/2i2c-org/docs/pull/311;https://github.com/2i2c-org/docs/pull/312;https://github.com/2i2c-org/docs/pull/324;https://github.com/2i2c-org/docs/pull/326;https://github.com/2i2c-org/docs/pull/327
choldgraf,2i2c deployments,2i2c-org/infrastructure,adjacent_jupyter,included,recent_pr_activity,6,5,https://github.com/2i2c-org/infrastructure/pull/7476;https://github.com/2i2c-org/infrastructure/pull/8541;https://github.com/2i2c-org/infrastructure/pull/8545;https://github.com/2i2c-org/infrastructure/pull/8645;https://github.com/2i2c-org/infrastructure/pull/9082;https://github.com/2i2c-org/infrastructure/pull/9230
choldgraf,2i2c deployments,2i2c-org/kpis,adjacent_jupyter,excluded_ancillary,recent_pr_activity,10,9,https://github.com/2i2c-org/kpis/pull/79;https://github.com/2i2c-org/kpis/pull/82;https://github.com/2i2c-org/kpis/pull/83;https://github.com/2i2c-org/kpis/pull/84;https://github.com/2i2c-org/kpis/pull/85;https://github.com/2i2c-org/kpis/pull/86;https://github.com/2i2c-org/kpis/pull/87;https://github.com/2i2c-org/kpis/pull/88;https://github.com/2i2c-org/kpis/pull/89;https://github.com/2i2c-org/kpis/pull/90
choldgraf,2i2c deployments,2i2c-org/roadmap,adjacent_jupyter,excluded_ancillary,recent_pr_activity,4,4,https://github.com/2i2c-org/roadmap/pull/8;https://github.com/2i2c-org/roadmap/pull/10;https://github.com/2i2c-org/roadmap/pull/12;https://github.com/2i2c-org/roadmap/pull/14
choldgraf,2i2c deployments,2i2c-org/team-compass,adjacent_jupyter,excluded_ancillary,recent_pr_activity,22,22,https://github.com/2i2c-org/team-compass/pull/1051;https://github.com/2i2c-org/team-compass/pull/1060;https://github.com/2i2c-org/team-compass/pull/1093;https://github.com/2i2c-org/team-compass/pull/1094;https://github.com/2i2c-org/team-compass/pull/1108;https://github.com/2i2c-org/team-compass/pull/1110;https://github.com/2i2c-org/team-compass/pull/1111;https://github.com/2i2c-org/team-compass/pull/1114;https://github.com/2i2c-org/team-compass/pull/1115;https://github.com/2i2c-org/team-compass/pull/1118;https://github.com/2i2c-org/team-compass/pull/1120;https://github.com/2i2c-org/team-compass/pull/1123;https://github.com/2i2c-org/team-compass/pull/1129;https://github.com/2i2c-org/team-compass/pull/1130;https://github.com/2i2c-org/team-compass/pull/1131;https://github.com/2i2c-org/team-compass/pull/1132;https://github.com/2i2c-org/team-compass/pull/1133;https://github.com/2i2c-org/team-compass/pull/1136;https://github.com/2i2c-org/team-compass/pull/1137;https://github.com/2i2c-org/team-compass/pull/1139;https://github.com/2i2c-org/team-compass/pull/1140;https://github.com/2i2c-org/team-compass/pull/1143
choldgraf,ProjectPythia/gdex-cookbook,ProjectPythia/gdex-cookbook,non_jupyter,included,recent_pr_activity,3,3,https://github.com/ProjectPythia/gdex-cookbook/pull/10;https://github.com/ProjectPythia/gdex-cookbook/pull/11;https://github.com/ProjectPythia/gdex-cookbook/pull/12
choldgraf,jupyter-book/blog,jupyter-book/blog,official_jupyter,included,recent_pr_activity,10,8,https://github.com/jupyter-book/blog/pull/56;https://github.com/jupyter-book/blog/pull/58;https://github.com/jupyter-book/blog/pull/59;https://github.com/jupyter-book/blog/pull/60;https://github.com/jupyter-book/blog/pull/61;https://github.com/jupyter-book/blog/pull/63;https://github.com/jupyter-book/blog/pull/65;https://github.com/jupyter-book/blog/pull/66;https://github.com/jupyter-book/blog/pull/67;https://github.com/jupyter-book/blog/pull/78
choldgraf,jupyter-book/jupyter-book,jupyter-book/jupyter-book,official_jupyter,included,recent_pr_activity,11,10,https://github.com/jupyter-book/jupyter-book/pull/2562;https://github.com/jupyter-book/jupyter-book/pull/2563;https://github.com/jupyter-book/jupyter-book/pull/2574;https://github.com/jupyter-book/jupyter-book/pull/2575;https://github.com/jupyter-book/jupyter-book/pull/2582;https://github.com/jupyter-book/jupyter-book/pull/2586;https://github.com/jupyter-book/jupyter-book/pull/2600;https://github.com/jupyter-book/jupyter-book/pull/2607;https://github.com/jupyter-book/jupyter-book/pull/2609;https://github.com/jupyter-book/jupyter-book/pull/2620;https://github.com/jupyter-book/jupyter-book/pull/2621
choldgraf,jupyter-book/jupyterbook.org,jupyter-book/jupyterbook.org,official_jupyter,included,recent_pr_activity,10,7,https://github.com/jupyter-book/jupyterbook.org/pull/3;https://github.com/jupyter-book/jupyterbook.org/pull/4;https://github.com/jupyter-book/jupyterbook.org/pull/14;https://github.com/jupyter-book/jupyterbook.org/pull/15;https://github.com/jupyter-book/jupyterbook.org/pull/22;https://github.com/jupyter-book/jupyterbook.org/pull/24;https://github.com/jupyter-book/jupyterbook.org/pull/25;https://github.com/jupyter-book/jupyterbook.org/pull/27;https://github.com/jupyter-book/jupyterbook.org/pull/29;https://github.com/jupyter-book/jupyterbook.org/pull/30
choldgraf,jupyter-book/myst-plugins,jupyter-book/myst-plugins,official_jupyter,included,recent_pr_activity,9,9,https://github.com/jupyter-book/myst-plugins/pull/27;https://github.com/jupyter-book/myst-plugins/pull/33;https://github.com/jupyter-book/myst-plugins/pull/34;https://github.com/jupyter-book/myst-plugins/pull/37;https://github.com/jupyter-book/myst-plugins/pull/38;https://github.com/jupyter-book/myst-plugins/pull/39;https://github.com/jupyter-book/myst-plugins/pull/40;https://github.com/jupyter-book/myst-plugins/pull/42;https://github.com/jupyter-book/myst-plugins/pull/43
choldgraf,jupyter-book/myst-theme,jupyter-book/myst-theme,official_jupyter,included,recent_pr_activity,54,45,https://github.com/jupyter-book/myst-theme/pull/754;https://github.com/jupyter-book/myst-theme/pull/757;https://github.com/jupyter-book/myst-theme/pull/758;https://github.com/jupyter-book/myst-theme/pull/759;https://github.com/jupyter-book/myst-theme/pull/762;https://github.com/jupyter-book/myst-theme/pull/764;https://github.com/jupyter-book/myst-theme/pull/765;https://github.com/jupyter-book/myst-theme/pull/767;https://github.com/jupyter-book/myst-theme/pull/768;https://github.com/jupyter-book/myst-theme/pull/772;https://github.com/jupyter-book/myst-theme/pull/773;https://github.com/jupyter-book/myst-theme/pull/775;https://github.com/jupyter-book/myst-theme/pull/778;https://github.com/jupyter-book/myst-theme/pull/779;https://github.com/jupyter-book/myst-theme/pull/785;https://github.com/jupyter-book/myst-theme/pull/786;https://github.com/jupyter-book/myst-theme/pull/787;https://github.com/jupyter-book/myst-theme/pull/790;https://github.com/jupyter-book/myst-theme/pull/793;https://github.com/jupyter-book/myst-theme/pull/794;https://github.com/jupyter-book/myst-theme/pull/799;https://github.com/jupyter-book/myst-theme/pull/802;https://github.com/jupyter-book/myst-theme/pull/807;https://github.com/jupyter-book/myst-theme/pull/811;https://github.com/jupyter-book/myst-theme/pull/812;https://github.com/jupyter-book/myst-theme/pull/816;https://github.com/jupyter-book/myst-theme/pull/835;https://github.com/jupyter-book/myst-theme/pull/844;https://github.com/jupyter-book/myst-theme/pull/845;https://github.com/jupyter-book/myst-theme/pull/847;https://github.com/jupyter-book/myst-theme/pull/852;https://github.com/jupyter-book/myst-theme/pull/853;https://github.com/jupyter-book/myst-theme/pull/854;https://github.com/jupyter-book/myst-theme/pull/863;https://github.com/jupyter-book/myst-theme/pull/868;https://github.com/jupyter-book/myst-theme/pull/869;https://github.com/jupyter-book/myst-theme/pull/872;https://github.com/jupyter-book/myst-theme/pull/877;https://github.com/jupyter-book/myst-theme/pull/881;https://github.com/jupyter-book/myst-theme/pull/882;https://github.com/jupyter-book/myst-theme/pull/891;https://github.com/jupyter-book/myst-theme/pull/892;https://github.com/jupyter-book/myst-theme/pull/893;https://github.com/jupyter-book/myst-theme/pull/895;https://github.com/jupyter-book/myst-theme/pull/899;https://github.com/jupyter-book/myst-theme/pull/912;https://github.com/jupyter-book/myst-theme/pull/916;https://github.com/jupyter-book/myst-theme/pull/931;https://github.com/jupyter-book/myst-theme/pull/934;https://github.com/jupyter-book/myst-theme/pull/946;https://github.com/jupyter-book/myst-theme/pull/951;https://github.com/jupyter-book/myst-theme/pull/964;https://github.com/jupyter-book/myst-theme/pull/967;https://github.com/jupyter-book/myst-theme/pull/974
choldgraf,jupyter-book/mystmd,jupyter-book/mystmd,official_jupyter,included,recent_pr_activity,38,34,https://github.com/jupyter-book/mystmd/pull/2630;https://github.com/jupyter-book/mystmd/pull/2636;https://github.com/jupyter-book/mystmd/pull/2642;https://github.com/jupyter-book/mystmd/pull/2650;https://github.com/jupyter-book/mystmd/pull/2661;https://github.com/jupyter-book/mystmd/pull/2663;https://github.com/jupyter-book/mystmd/pull/2664;https://github.com/jupyter-book/mystmd/pull/2672;https://github.com/jupyter-book/mystmd/pull/2684;https://github.com/jupyter-book/mystmd/pull/2686;https://github.com/jupyter-book/mystmd/pull/2687;https://github.com/jupyter-book/mystmd/pull/2690;https://github.com/jupyter-book/mystmd/pull/2702;https://github.com/jupyter-book/mystmd/pull/2704;https://github.com/jupyter-book/mystmd/pull/2705;https://github.com/jupyter-book/mystmd/pull/2725;https://github.com/jupyter-book/mystmd/pull/2730;https://github.com/jupyter-book/mystmd/pull/2734;https://github.com/jupyter-book/mystmd/pull/2736;https://github.com/jupyter-book/mystmd/pull/2739;https://github.com/jupyter-book/mystmd/pull/2745;https://github.com/jupyter-book/mystmd/pull/2796;https://github.com/jupyter-book/mystmd/pull/2807;https://github.com/jupyter-book/mystmd/pull/2819;https://github.com/jupyter-book/mystmd/pull/2822;https://github.com/jupyter-book/mystmd/pull/2834;https://github.com/jupyter-book/mystmd/pull/2845;https://github.com/jupyter-book/mystmd/pull/2853;https://github.com/jupyter-book/mystmd/pull/2862;https://github.com/jupyter-book/mystmd/pull/2865;https://github.com/jupyter-book/mystmd/pull/2873;https://github.com/jupyter-book/mystmd/pull/2874;https://github.com/jupyter-book/mystmd/pull/2887;https://github.com/jupyter-book/mystmd/pull/2888;https://github.com/jupyter-book/mystmd/pull/2896;https://github.com/jupyter-book/mystmd/pull/2903;https://github.com/jupyter-book/mystmd/pull/2950;https://github.com/jupyter-book/mystmd/pull/3051
choldgraf,jupyter-book/team-compass,jupyter-book/team-compass,official_jupyter,included,recent_pr_activity,3,3,https://github.com/jupyter-book/team-compass/pull/77;https://github.com/jupyter-book/team-compass/pull/81;https://github.com/jupyter-book/team-compass/pull/94
choldgraf,jupyter-book/test-repo,jupyter-book/test-repo,official_jupyter,included,recent_pr_activity,3,1,https://github.com/jupyter-book/test-repo/pull/4;https://github.com/jupyter-book/test-repo/pull/5;https://github.com/jupyter-book/test-repo/pull/6
choldgraf,jupyter-governance/ec-team-compass,jupyter-governance/ec-team-compass,official_jupyter,included,recent_pr_activity,5,4,https://github.com/jupyter-governance/ec-team-compass/pull/170;https://github.com/jupyter-governance/ec-team-compass/pull/179;https://github.com/jupyter-governance/ec-team-compass/pull/183;https://github.com/jupyter-governance/ec-team-compass/pull/185;https://github.com/jupyter-governance/ec-team-compass/pull/186
choldgraf,jupyterhealth/hub,jupyterhealth/hub,official_jupyter,included,recent_pr_activity,4,4,https://github.com/jupyterhealth/hub/pull/6;https://github.com/jupyterhealth/hub/pull/7;https://github.com/jupyterhealth/hub/pull/8;https://github.com/jupyterhealth/hub/pull/16
choldgraf,jupyterhub/jupyterhub.github.io,jupyterhub/jupyterhub.github.io,official_jupyter,included,recent_pr_activity,4,3,https://github.com/jupyterhub/jupyterhub.github.io/pull/5;https://github.com/jupyterhub/jupyterhub.github.io/pull/10;https://github.com/jupyterhub/jupyterhub.github.io/pull/11;https://github.com/jupyterhub/jupyterhub.github.io/pull/12
choldgraf,MyST Contrib,myst-contrib/myst-listing,adjacent_jupyter,unclassified_license,recent_pr_activity,5,5,https://github.com/myst-contrib/myst-listing/pull/14;https://github.com/myst-contrib/myst-listing/pull/20;https://github.com/myst-contrib/myst-listing/pull/21;https://github.com/myst-contrib/myst-listing/pull/22;https://github.com/myst-contrib/myst-listing/pull/23
choldgraf,MyST Contrib,myst-contrib/myst-release-notes,adjacent_jupyter,included,recent_pr_activity,3,3,https://github.com/myst-contrib/myst-release-notes/pull/1;https://github.com/myst-contrib/myst-release-notes/pull/2;https://github.com/myst-contrib/myst-release-notes/pull/3
darshan808,Darshan808/NDN-Toolkit,Darshan808/NDN-Toolkit,non_jupyter,unclassified_license,recent_pr_activity,3,3,https://github.com/Darshan808/NDN-Toolkit/pull/2;https://github.com/Darshan808/NDN-Toolkit/pull/3;https://github.com/Darshan808/NDN-Toolkit/pull/4
darshan808,deshaw/jupyterlab-notify,deshaw/jupyterlab-notify,adjacent_jupyter,included,recent_pr_activity,4,4,https://github.com/deshaw/jupyterlab-notify/pull/21;https://github.com/deshaw/jupyterlab-notify/pull/30;https://github.com/deshaw/jupyterlab-notify/pull/31;https://github.com/deshaw/jupyterlab-notify/pull/47
darshan808,jupyter/notebook,jupyter/notebook,official_jupyter,included,recent_pr_activity,4,4,https://github.com/jupyter/notebook/pull/7856;https://github.com/jupyter/notebook/pull/7891;https://github.com/jupyter/notebook/pull/7911;https://github.com/jupyter/notebook/pull/8034
darshan808,jupyterlab/eslint-plugin,jupyterlab/eslint-plugin,official_jupyter,included,recent_pr_activity,46,45,https://github.com/jupyterlab/eslint-plugin/pull/1;https://github.com/jupyterlab/eslint-plugin/pull/2;https://github.com/jupyterlab/eslint-plugin/pull/4;https://github.com/jupyterlab/eslint-plugin/pull/5;https://github.com/jupyterlab/eslint-plugin/pull/10;https://github.com/jupyterlab/eslint-plugin/pull/11;https://github.com/jupyterlab/eslint-plugin/pull/13;https://github.com/jupyterlab/eslint-plugin/pull/15;https://github.com/jupyterlab/eslint-plugin/pull/16;https://github.com/jupyterlab/eslint-plugin/pull/18;https://github.com/jupyterlab/eslint-plugin/pull/20;https://github.com/jupyterlab/eslint-plugin/pull/21;https://github.com/jupyterlab/eslint-plugin/pull/22;https://github.com/jupyterlab/eslint-plugin/pull/24;https://github.com/jupyterlab/eslint-plugin/pull/27;https://github.com/jupyterlab/eslint-plugin/pull/31;https://github.com/jupyterlab/eslint-plugin/pull/33;https://github.com/jupyterlab/eslint-plugin/pull/36;https://github.com/jupyterlab/eslint-plugin/pull/37;https://github.com/jupyterlab/eslint-plugin/pull/38;https://github.com/jupyterlab/eslint-plugin/pull/40;https://github.com/jupyterlab/eslint-plugin/pull/41;https://github.com/jupyterlab/eslint-plugin/pull/44;https://github.com/jupyterlab/eslint-plugin/pull/45;https://github.com/jupyterlab/eslint-plugin/pull/48;https://github.com/jupyterlab/eslint-plugin/pull/49;https://github.com/jupyterlab/eslint-plugin/pull/53;https://github.com/jupyterlab/eslint-plugin/pull/54;https://github.com/jupyterlab/eslint-plugin/pull/55;https://github.com/jupyterlab/eslint-plugin/pull/56;https://github.com/jupyterlab/eslint-plugin/pull/57;https://github.com/jupyterlab/eslint-plugin/pull/58;https://github.com/jupyterlab/eslint-plugin/pull/60;https://github.com/jupyterlab/eslint-plugin/pull/64;https://github.com/jupyterlab/eslint-plugin/pull/67;https://github.com/jupyterlab/eslint-plugin/pull/68;https://github.com/jupyterlab/eslint-plugin/pull/73;https://github.com/jupyterlab/eslint-plugin/pull/78;https://github.com/jupyterlab/eslint-plugin/pull/84;https://github.com/jupyterlab/eslint-plugin/pull/85;https://github.com/jupyterlab/eslint-plugin/pull/91;https://github.com/jupyterlab/eslint-plugin/pull/102;https://github.com/jupyterlab/eslint-plugin/pull/103;https://github.com/jupyterlab/eslint-plugin/pull/105;https://github.com/jupyterlab/eslint-plugin/pull/112;https://github.com/jupyterlab/eslint-plugin/pull/134
darshan808,jupyterlab/extension-template,jupyterlab/extension-template,official_jupyter,included,recent_pr_activity,4,4,https://github.com/jupyterlab/extension-template/pull/133;https://github.com/jupyterlab/extension-template/pull/141;https://github.com/jupyterlab/extension-template/pull/143;https://github.com/jupyterlab/extension-template/pull/156
darshan808,jupyterlab/jupyter-builder,jupyterlab/jupyter-builder,official_jupyter,included,recent_pr_activity,51,45,https://github.com/jupyterlab/jupyter-builder/pull/44;https://github.com/jupyterlab/jupyter-builder/pull/47;https://github.com/jupyterlab/jupyter-builder/pull/51;https://github.com/jupyterlab/jupyter-builder/pull/54;https://github.com/jupyterlab/jupyter-builder/pull/55;https://github.com/jupyterlab/jupyter-builder/pull/57;https://github.com/jupyterlab/jupyter-builder/pull/59;https://github.com/jupyterlab/jupyter-builder/pull/60;https://github.com/jupyterlab/jupyter-builder/pull/65;https://github.com/jupyterlab/jupyter-builder/pull/68;https://github.com/jupyterlab/jupyter-builder/pull/69;https://github.com/jupyterlab/jupyter-builder/pull/72;https://github.com/jupyterlab/jupyter-builder/pull/73;https://github.com/jupyterlab/jupyter-builder/pull/74;https://github.com/jupyterlab/jupyter-builder/pull/78;https://github.com/jupyterlab/jupyter-builder/pull/79;https://github.com/jupyterlab/jupyter-builder/pull/89;https://github.com/jupyterlab/jupyter-builder/pull/91;https://github.com/jupyterlab/jupyter-builder/pull/93;https://github.com/jupyterlab/jupyter-builder/pull/94;https://github.com/jupyterlab/jupyter-builder/pull/96;https://github.com/jupyterlab/jupyter-builder/pull/98;https://github.com/jupyterlab/jupyter-builder/pull/99;https://github.com/jupyterlab/jupyter-builder/pull/101;https://github.com/jupyterlab/jupyter-builder/pull/102;https://github.com/jupyterlab/jupyter-builder/pull/103;https://github.com/jupyterlab/jupyter-builder/pull/108;https://github.com/jupyterlab/jupyter-builder/pull/109;https://github.com/jupyterlab/jupyter-builder/pull/110;https://github.com/jupyterlab/jupyter-builder/pull/115;https://github.com/jupyterlab/jupyter-builder/pull/118;https://github.com/jupyterlab/jupyter-builder/pull/119;https://github.com/jupyterlab/jupyter-builder/pull/121;https://github.com/jupyterlab/jupyter-builder/pull/125;https://github.com/jupyterlab/jupyter-builder/pull/126;https://github.com/jupyterlab/jupyter-builder/pull/131;https://github.com/jupyterlab/jupyter-builder/pull/135;https://github.com/jupyterlab/jupyter-builder/pull/138;https://github.com/jupyterlab/jupyter-builder/pull/141;https://github.com/jupyterlab/jupyter-builder/pull/142;https://github.com/jupyterlab/jupyter-builder/pull/143;https://github.com/jupyterlab/jupyter-builder/pull/144;https://github.com/jupyterlab/jupyter-builder/pull/150;https://github.com/jupyterlab/jupyter-builder/pull/151;https://github.com/jupyterlab/jupyter-builder/pull/153;https://github.com/jupyterlab/jupyter-builder/pull/157;https://github.com/jupyterlab/jupyter-builder/pull/159;https://github.com/jupyterlab/jupyter-builder/pull/166;https://github.com/jupyterlab/jupyter-builder/pull/175;https://github.com/jupyterlab/jupyter-builder/pull/176;https://github.com/jupyterlab/jupyter-builder/pull/186
darshan808,jupyterlab/jupyter-collaboration,jupyterlab/jupyter-collaboration,official_jupyter,included,recent_pr_activity,5,4,https://github.com/jupyterlab/jupyter-collaboration/pull/548;https://github.com/jupyterlab/jupyter-collaboration/pull/553;https://github.com/jupyterlab/jupyter-collaboration/pull/588;https://github.com/jupyterlab/jupyter-collaboration/pull/602;https://github.com/jupyterlab/jupyter-collaboration/pull/616
darshan808,jupyterlab/jupyterlab,jupyterlab/jupyterlab,official_jupyter,included,recent_pr_activity,21,20,https://github.com/jupyterlab/jupyterlab/pull/18319;https://github.com/jupyterlab/jupyterlab/pull/18434;https://github.com/jupyterlab/jupyterlab/pull/18528;https://github.com/jupyterlab/jupyterlab/pull/18615;https://github.com/jupyterlab/jupyterlab/pull/18657;https://github.com/jupyterlab/jupyterlab/pull/18703;https://github.com/jupyterlab/jupyterlab/pull/18723;https://github.com/jupyterlab/jupyterlab/pull/18781;https://github.com/jupyterlab/jupyterlab/pull/18841;https://github.com/jupyterlab/jupyterlab/pull/18863;https://github.com/jupyterlab/jupyterlab/pull/18895;https://github.com/jupyterlab/jupyterlab/pull/18904;https://github.com/jupyterlab/jupyterlab/pull/18918;https://github.com/jupyterlab/jupyterlab/pull/18929;https://github.com/jupyterlab/jupyterlab/pull/18975;https://github.com/jupyterlab/jupyterlab/pull/18987;https://github.com/jupyterlab/jupyterlab/pull/18990;https://github.com/jupyterlab/jupyterlab/pull/19021;https://github.com/jupyterlab/jupyterlab/pull/19106;https://github.com/jupyterlab/jupyterlab/pull/19251;https://github.com/jupyterlab/jupyterlab/pull/19645
darshan808,jupyterlite/jupyterlite,jupyterlite/jupyterlite,official_jupyter,included,recent_pr_activity,4,4,https://github.com/jupyterlite/jupyterlite/pull/1917;https://github.com/jupyterlite/jupyterlite/pull/1929;https://github.com/jupyterlite/jupyterlite/pull/1948;https://github.com/jupyterlite/jupyterlite/pull/1968
erikgaas,AnswerDotAI/clikernel,AnswerDotAI/clikernel,non_jupyter,included,recent_pr_activity,3,1,https://github.com/AnswerDotAI/clikernel/pull/19;https://github.com/AnswerDotAI/clikernel/pull/23;https://github.com/AnswerDotAI/clikernel/pull/25
erikgaas,AnswerDotAI/dialoghelper,AnswerDotAI/dialoghelper,non_jupyter,included,recent_pr_activity,10,4,https://github.com/AnswerDotAI/dialoghelper/pull/95;https://github.com/AnswerDotAI/dialoghelper/pull/97;https://github.com/AnswerDotAI/dialoghelper/pull/109;https://github.com/AnswerDotAI/dialoghelper/pull/111;https://github.com/AnswerDotAI/dialoghelper/pull/112;https://github.com/AnswerDotAI/dialoghelper/pull/115;https://github.com/AnswerDotAI/dialoghelper/pull/126;https://github.com/AnswerDotAI/dialoghelper/pull/138;https://github.com/AnswerDotAI/dialoghelper/pull/139;https://github.com/AnswerDotAI/dialoghelper/pull/165
erikgaas,AnswerDotAI/fasthtml,AnswerDotAI/fasthtml,non_jupyter,included,recent_pr_activity,4,4,https://github.com/AnswerDotAI/fasthtml/pull/818;https://github.com/AnswerDotAI/fasthtml/pull/821;https://github.com/AnswerDotAI/fasthtml/pull/823;https://github.com/AnswerDotAI/fasthtml/pull/909
erikgaas,AnswerDotAI/ghapi,AnswerDotAI/ghapi,non_jupyter,included,recent_pr_activity,3,2,https://github.com/AnswerDotAI/ghapi/pull/202;https://github.com/AnswerDotAI/ghapi/pull/204;https://github.com/AnswerDotAI/ghapi/pull/205
erikgaas,ipython/ipykernel,ipython/ipykernel,official_jupyter,included,recent_pr_activity,5,0,https://github.com/ipython/ipykernel/pull/1503;https://github.com/ipython/ipykernel/pull/1504;https://github.com/ipython/ipykernel/pull/1505;https://github.com/ipython/ipykernel/pull/1506;https://github.com/ipython/ipykernel/pull/1507
ianthomas23,QuantStack/git2cpp,QuantStack/git2cpp,non_jupyter,included,recent_pr_activity,37,36,https://github.com/QuantStack/git2cpp/pull/73;https://github.com/QuantStack/git2cpp/pull/74;https://github.com/QuantStack/git2cpp/pull/75;https://github.com/QuantStack/git2cpp/pull/78;https://github.com/QuantStack/git2cpp/pull/81;https://github.com/QuantStack/git2cpp/pull/86;https://github.com/QuantStack/git2cpp/pull/89;https://github.com/QuantStack/git2cpp/pull/92;https://github.com/QuantStack/git2cpp/pull/94;https://github.com/QuantStack/git2cpp/pull/100;https://github.com/QuantStack/git2cpp/pull/101;https://github.com/QuantStack/git2cpp/pull/102;https://github.com/QuantStack/git2cpp/pull/104;https://github.com/QuantStack/git2cpp/pull/110;https://github.com/QuantStack/git2cpp/pull/111;https://github.com/QuantStack/git2cpp/pull/116;https://github.com/QuantStack/git2cpp/pull/117;https://github.com/QuantStack/git2cpp/pull/121;https://github.com/QuantStack/git2cpp/pull/123;https://github.com/QuantStack/git2cpp/pull/124;https://github.com/QuantStack/git2cpp/pull/133;https://github.com/QuantStack/git2cpp/pull/141;https://github.com/QuantStack/git2cpp/pull/145;https://github.com/QuantStack/git2cpp/pull/146;https://github.com/QuantStack/git2cpp/pull/147;https://github.com/QuantStack/git2cpp/pull/152;https://github.com/QuantStack/git2cpp/pull/153;https://github.com/QuantStack/git2cpp/pull/155;https://github.com/QuantStack/git2cpp/pull/156;https://github.com/QuantStack/git2cpp/pull/158;https://github.com/QuantStack/git2cpp/pull/164;https://github.com/QuantStack/git2cpp/pull/166;https://github.com/QuantStack/git2cpp/pull/172;https://github.com/QuantStack/git2cpp/pull/183;https://github.com/QuantStack/git2cpp/pull/185;https://github.com/QuantStack/git2cpp/pull/189;https://github.com/QuantStack/git2cpp/pull/190
ianthomas23,conda-forge,conda-forge/jupyterlite-terminal-feedstock,non_jupyter,included,recent_pr_activity,3,3,https://github.com/conda-forge/jupyterlite-terminal-feedstock/pull/15;https://github.com/conda-forge/jupyterlite-terminal-feedstock/pull/22;https://github.com/conda-forge/jupyterlite-terminal-feedstock/pull/23
ianthomas23,ContourPy,contourpy/contourpy,non_jupyter,included,recent_pr_activity,26,25,https://github.com/contourpy/contourpy/pull/522;https://github.com/contourpy/contourpy/pull/523;https://github.com/contourpy/contourpy/pull/524;https://github.com/contourpy/contourpy/pull/525;https://github.com/contourpy/contourpy/pull/528;https://github.com/contourpy/contourpy/pull/529;https://github.com/contourpy/contourpy/pull/530;https://github.com/contourpy/contourpy/pull/533;https://github.com/contourpy/contourpy/pull/537;https://github.com/contourpy/contourpy/pull/538;https://github.com/contourpy/contourpy/pull/541;https://github.com/contourpy/contourpy/pull/542;https://github.com/contourpy/contourpy/pull/544;https://github.com/contourpy/contourpy/pull/545;https://github.com/contourpy/contourpy/pull/546;https://github.com/contourpy/contourpy/pull/550;https://github.com/contourpy/contourpy/pull/551;https://github.com/contourpy/contourpy/pull/552;https://github.com/contourpy/contourpy/pull/555;https://github.com/contourpy/contourpy/pull/557;https://github.com/contourpy/contourpy/pull/561;https://github.com/contourpy/contourpy/pull/563;https://github.com/contourpy/contourpy/pull/565;https://github.com/contourpy/contourpy/pull/566;https://github.com/contourpy/contourpy/pull/567;https://github.com/contourpy/contourpy/pull/568
ianthomas23,emscripten-forge,emscripten-forge/recipes,non_jupyter,included,recent_pr_activity,55,54,https://github.com/emscripten-forge/recipes/pull/4185;https://github.com/emscripten-forge/recipes/pull/4193;https://github.com/emscripten-forge/recipes/pull/4194;https://github.com/emscripten-forge/recipes/pull/4195;https://github.com/emscripten-forge/recipes/pull/4207;https://github.com/emscripten-forge/recipes/pull/4230;https://github.com/emscripten-forge/recipes/pull/4232;https://github.com/emscripten-forge/recipes/pull/4233;https://github.com/emscripten-forge/recipes/pull/4237;https://github.com/emscripten-forge/recipes/pull/4246;https://github.com/emscripten-forge/recipes/pull/4258;https://github.com/emscripten-forge/recipes/pull/4263;https://github.com/emscripten-forge/recipes/pull/4309;https://github.com/emscripten-forge/recipes/pull/4312;https://github.com/emscripten-forge/recipes/pull/4313;https://github.com/emscripten-forge/recipes/pull/4338;https://github.com/emscripten-forge/recipes/pull/4339;https://github.com/emscripten-forge/recipes/pull/4363;https://github.com/emscripten-forge/recipes/pull/4899;https://github.com/emscripten-forge/recipes/pull/4900;https://github.com/emscripten-forge/recipes/pull/4901;https://github.com/emscripten-forge/recipes/pull/4903;https://github.com/emscripten-forge/recipes/pull/4905;https://github.com/emscripten-forge/recipes/pull/4928;https://github.com/emscripten-forge/recipes/pull/4968;https://github.com/emscripten-forge/recipes/pull/5019;https://github.com/emscripten-forge/recipes/pull/5060;https://github.com/emscripten-forge/recipes/pull/5090;https://github.com/emscripten-forge/recipes/pull/5094;https://github.com/emscripten-forge/recipes/pull/5132;https://github.com/emscripten-forge/recipes/pull/5195;https://github.com/emscripten-forge/recipes/pull/5196;https://github.com/emscripten-forge/recipes/pull/5265;https://github.com/emscripten-forge/recipes/pull/5277;https://github.com/emscripten-forge/recipes/pull/5376;https://github.com/emscripten-forge/recipes/pull/5383;https://github.com/emscripten-forge/recipes/pull/5489;https://github.com/emscripten-forge/recipes/pull/5547;https://github.com/emscripten-forge/recipes/pull/5687;https://github.com/emscripten-forge/recipes/pull/5688;https://github.com/emscripten-forge/recipes/pull/5689;https://github.com/emscripten-forge/recipes/pull/5817;https://github.com/emscripten-forge/recipes/pull/6067;https://github.com/emscripten-forge/recipes/pull/6071;https://github.com/emscripten-forge/recipes/pull/6072;https://github.com/emscripten-forge/recipes/pull/6073;https://github.com/emscripten-forge/recipes/pull/6787;https://github.com/emscripten-forge/recipes/pull/6928;https://github.com/emscripten-forge/recipes/pull/6980;https://github.com/emscripten-forge/recipes/pull/7110;https://github.com/emscripten-forge/recipes/pull/7129;https://github.com/emscripten-forge/recipes/pull/7130;https://github.com/emscripten-forge/recipes/pull/7153;https://github.com/emscripten-forge/recipes/pull/7215;https://github.com/emscripten-forge/recipes/pull/7265
ianthomas23,ipython/ipykernel,ipython/ipykernel,official_jupyter,included,recent_pr_activity,5,5,https://github.com/ipython/ipykernel/pull/1493;https://github.com/ipython/ipykernel/pull/1497;https://github.com/ipython/ipykernel/pull/1498;https://github.com/ipython/ipykernel/pull/1499;https://github.com/ipython/ipykernel/pull/1509
ianthomas23,jupyterlite/cockle,jupyterlite/cockle,official_jupyter,included,recent_pr_activity,64,63,https://github.com/jupyterlite/cockle/pull/273;https://github.com/jupyterlite/cockle/pull/274;https://github.com/jupyterlite/cockle/pull/275;https://github.com/jupyterlite/cockle/pull/276;https://github.com/jupyterlite/cockle/pull/277;https://github.com/jupyterlite/cockle/pull/278;https://github.com/jupyterlite/cockle/pull/279;https://github.com/jupyterlite/cockle/pull/280;https://github.com/jupyterlite/cockle/pull/281;https://github.com/jupyterlite/cockle/pull/282;https://github.com/jupyterlite/cockle/pull/283;https://github.com/jupyterlite/cockle/pull/284;https://github.com/jupyterlite/cockle/pull/285;https://github.com/jupyterlite/cockle/pull/286;https://github.com/jupyterlite/cockle/pull/287;https://github.com/jupyterlite/cockle/pull/291;https://github.com/jupyterlite/cockle/pull/292;https://github.com/jupyterlite/cockle/pull/293;https://github.com/jupyterlite/cockle/pull/294;https://github.com/jupyterlite/cockle/pull/296;https://github.com/jupyterlite/cockle/pull/297;https://github.com/jupyterlite/cockle/pull/298;https://github.com/jupyterlite/cockle/pull/301;https://github.com/jupyterlite/cockle/pull/302;https://github.com/jupyterlite/cockle/pull/303;https://github.com/jupyterlite/cockle/pull/304;https://github.com/jupyterlite/cockle/pull/305;https://github.com/jupyterlite/cockle/pull/307;https://github.com/jupyterlite/cockle/pull/308;https://github.com/jupyterlite/cockle/pull/309;https://github.com/jupyterlite/cockle/pull/310;https://github.com/jupyterlite/cockle/pull/311;https://github.com/jupyterlite/cockle/pull/312;https://github.com/jupyterlite/cockle/pull/313;https://github.com/jupyterlite/cockle/pull/314;https://github.com/jupyterlite/cockle/pull/315;https://github.com/jupyterlite/cockle/pull/316;https://github.com/jupyterlite/cockle/pull/318;https://github.com/jupyterlite/cockle/pull/319;https://github.com/jupyterlite/cockle/pull/320;https://github.com/jupyterlite/cockle/pull/321;https://github.com/jupyterlite/cockle/pull/322;https://github.com/jupyterlite/cockle/pull/323;https://github.com/jupyterlite/cockle/pull/324;https://github.com/jupyterlite/cockle/pull/325;https://github.com/jupyterlite/cockle/pull/327;https://github.com/jupyterlite/cockle/pull/328;https://github.com/jupyterlite/cockle/pull/329;https://github.com/jupyterlite/cockle/pull/330;https://github.com/jupyterlite/cockle/pull/331;https://github.com/jupyterlite/cockle/pull/332;https://github.com/jupyterlite/cockle/pull/333;https://github.com/jupyterlite/cockle/pull/334;https://github.com/jupyterlite/cockle/pull/335;https://github.com/jupyterlite/cockle/pull/336;https://github.com/jupyterlite/cockle/pull/337;https://github.com/jupyterlite/cockle/pull/339;https://github.com/jupyterlite/cockle/pull/340;https://github.com/jupyterlite/cockle/pull/341;https://github.com/jupyterlite/cockle/pull/347;https://github.com/jupyterlite/cockle/pull/353;https://github.com/jupyterlite/cockle/pull/356;https://github.com/jupyterlite/cockle/pull/357;https://github.com/jupyterlite/cockle/pull/362
ianthomas23,jupyterlite/terminal,jupyterlite/terminal,official_jupyter,included,recent_pr_activity,31,29,https://github.com/jupyterlite/terminal/pull/95;https://github.com/jupyterlite/terminal/pull/96;https://github.com/jupyterlite/terminal/pull/97;https://github.com/jupyterlite/terminal/pull/99;https://github.com/jupyterlite/terminal/pull/100;https://github.com/jupyterlite/terminal/pull/102;https://github.com/jupyterlite/terminal/pull/106;https://github.com/jupyterlite/terminal/pull/107;https://github.com/jupyterlite/terminal/pull/108;https://github.com/jupyterlite/terminal/pull/109;https://github.com/jupyterlite/terminal/pull/112;https://github.com/jupyterlite/terminal/pull/115;https://github.com/jupyterlite/terminal/pull/116;https://github.com/jupyterlite/terminal/pull/117;https://github.com/jupyterlite/terminal/pull/118;https://github.com/jupyterlite/terminal/pull/120;https://github.com/jupyterlite/terminal/pull/121;https://github.com/jupyterlite/terminal/pull/122;https://github.com/jupyterlite/terminal/pull/123;https://github.com/jupyterlite/terminal/pull/124;https://github.com/jupyterlite/terminal/pull/125;https://github.com/jupyterlite/terminal/pull/127;https://github.com/jupyterlite/terminal/pull/128;https://github.com/jupyterlite/terminal/pull/129;https://github.com/jupyterlite/terminal/pull/130;https://github.com/jupyterlite/terminal/pull/131;https://github.com/jupyterlite/terminal/pull/132;https://github.com/jupyterlite/terminal/pull/134;https://github.com/jupyterlite/terminal/pull/135;https://github.com/jupyterlite/terminal/pull/136;https://github.com/jupyterlite/terminal/pull/137
jasongrout,jasongrout/blog_export,jasongrout/blog_export,non_jupyter,excluded_ancillary,recent_pr_activity,33,31,https://github.com/jasongrout/blog_export/pull/1;https://github.com/jasongrout/blog_export/pull/2;https://github.com/jasongrout/blog_export/pull/3;https://github.com/jasongrout/blog_export/pull/4;https://github.com/jasongrout/blog_export/pull/5;https://github.com/jasongrout/blog_export/pull/6;https://github.com/jasongrout/blog_export/pull/7;https://github.com/jasongrout/blog_export/pull/8;https://github.com/jasongrout/blog_export/pull/9;https://github.com/jasongrout/blog_export/pull/10;https://github.com/jasongrout/blog_export/pull/11;https://github.com/jasongrout/blog_export/pull/12;https://github.com/jasongrout/blog_export/pull/13;https://github.com/jasongrout/blog_export/pull/14;https://github.com/jasongrout/blog_export/pull/15;https://github.com/jasongrout/blog_export/pull/18;https://github.com/jasongrout/blog_export/pull/19;https://github.com/jasongrout/blog_export/pull/21;https://github.com/jasongrout/blog_export/pull/22;https://github.com/jasongrout/blog_export/pull/23;https://github.com/jasongrout/blog_export/pull/24;https://github.com/jasongrout/blog_export/pull/25;https://github.com/jasongrout/blog_export/pull/26;https://github.com/jasongrout/blog_export/pull/27;https://github.com/jasongrout/blog_export/pull/28;https://github.com/jasongrout/blog_export/pull/29;https://github.com/jasongrout/blog_export/pull/30;https://github.com/jasongrout/blog_export/pull/31;https://github.com/jasongrout/blog_export/pull/33;https://github.com/jasongrout/blog_export/pull/34;https://github.com/jasongrout/blog_export/pull/35;https://github.com/jasongrout/blog_export/pull/36;https://github.com/jasongrout/blog_export/pull/37
jasongrout,jasongrout/ipywidgets,jasongrout/ipywidgets,non_jupyter,excluded_fork,recent_pr_activity,12,1,https://github.com/jasongrout/ipywidgets/pull/6;https://github.com/jasongrout/ipywidgets/pull/7;https://github.com/jasongrout/ipywidgets/pull/8;https://github.com/jasongrout/ipywidgets/pull/9;https://github.com/jasongrout/ipywidgets/pull/10;https://github.com/jasongrout/ipywidgets/pull/12;https://github.com/jasongrout/ipywidgets/pull/13;https://github.com/jasongrout/ipywidgets/pull/14;https://github.com/jasongrout/ipywidgets/pull/15;https://github.com/jasongrout/ipywidgets/pull/16;https://github.com/jasongrout/ipywidgets/pull/17;https://github.com/jasongrout/ipywidgets/pull/18
jasongrout,jasongrout/jupyter.github.io,jasongrout/jupyter.github.io,non_jupyter,excluded_fork,recent_pr_activity,3,0,https://github.com/jasongrout/jupyter.github.io/pull/4;https://github.com/jasongrout/jupyter.github.io/pull/5;https://github.com/jasongrout/jupyter.github.io/pull/6
jasongrout,jasongrout/medium-archive,jasongrout/medium-archive,non_jupyter,excluded_fork,recent_pr_activity,4,3,https://github.com/jasongrout/medium-archive/pull/1;https://github.com/jasongrout/medium-archive/pull/2;https://github.com/jasongrout/medium-archive/pull/3;https://github.com/jasongrout/medium-archive/pull/4
jasongrout,jupyter-governance/ec-team-compass,jupyter-governance/ec-team-compass,official_jupyter,included,recent_pr_activity,3,3,https://github.com/jupyter-governance/ec-team-compass/pull/171;https://github.com/jupyter-governance/ec-team-compass/pull/180;https://github.com/jupyter-governance/ec-team-compass/pull/188
jasongrout,jupyter-governance/funding-proposals,jupyter-governance/funding-proposals,official_jupyter,included,recent_pr_activity,3,3,https://github.com/jupyter-governance/funding-proposals/pull/47;https://github.com/jupyter-governance/funding-proposals/pull/53;https://github.com/jupyter-governance/funding-proposals/pull/54
jasongrout,jupyter-widgets/ipywidgets,jupyter-widgets/ipywidgets,official_jupyter,included,recent_pr_activity,10,8,https://github.com/jupyter-widgets/ipywidgets/pull/4024;https://github.com/jupyter-widgets/ipywidgets/pull/4025;https://github.com/jupyter-widgets/ipywidgets/pull/4027;https://github.com/jupyter-widgets/ipywidgets/pull/4028;https://github.com/jupyter-widgets/ipywidgets/pull/4029;https://github.com/jupyter-widgets/ipywidgets/pull/4030;https://github.com/jupyter-widgets/ipywidgets/pull/4031;https://github.com/jupyter-widgets/ipywidgets/pull/4032;https://github.com/jupyter-widgets/ipywidgets/pull/4035;https://github.com/jupyter-widgets/ipywidgets/pull/4037
jasongrout,jupyter/governance,jupyter/governance,official_jupyter,included,recent_pr_activity,8,6,https://github.com/jupyter/governance/pull/325;https://github.com/jupyter/governance/pull/331;https://github.com/jupyter/governance/pull/334;https://github.com/jupyter/governance/pull/340;https://github.com/jupyter/governance/pull/341;https://github.com/jupyter/governance/pull/347;https://github.com/jupyter/governance/pull/348;https://github.com/jupyter/governance/pull/349
jasongrout,jupyter/jupyter.github.io,jupyter/jupyter.github.io,official_jupyter,included,recent_pr_activity,28,22,https://github.com/jupyter/jupyter.github.io/pull/834;https://github.com/jupyter/jupyter.github.io/pull/835;https://github.com/jupyter/jupyter.github.io/pull/840;https://github.com/jupyter/jupyter.github.io/pull/841;https://github.com/jupyter/jupyter.github.io/pull/846;https://github.com/jupyter/jupyter.github.io/pull/847;https://github.com/jupyter/jupyter.github.io/pull/848;https://github.com/jupyter/jupyter.github.io/pull/854;https://github.com/jupyter/jupyter.github.io/pull/858;https://github.com/jupyter/jupyter.github.io/pull/860;https://github.com/jupyter/jupyter.github.io/pull/862;https://github.com/jupyter/jupyter.github.io/pull/863;https://github.com/jupyter/jupyter.github.io/pull/865;https://github.com/jupyter/jupyter.github.io/pull/869;https://github.com/jupyter/jupyter.github.io/pull/871;https://github.com/jupyter/jupyter.github.io/pull/872;https://github.com/jupyter/jupyter.github.io/pull/873;https://github.com/jupyter/jupyter.github.io/pull/874;https://github.com/jupyter/jupyter.github.io/pull/875;https://github.com/jupyter/jupyter.github.io/pull/876;https://github.com/jupyter/jupyter.github.io/pull/877;https://github.com/jupyter/jupyter.github.io/pull/883;https://github.com/jupyter/jupyter.github.io/pull/884;https://github.com/jupyter/jupyter.github.io/pull/885;https://github.com/jupyter/jupyter.github.io/pull/888;https://github.com/jupyter/jupyter.github.io/pull/889;https://github.com/jupyter/jupyter.github.io/pull/891;https://github.com/jupyter/jupyter.github.io/pull/892
jasongrout,jupyter/medium-archive,jupyter/medium-archive,official_jupyter,included,recent_pr_activity,107,104,https://github.com/jupyter/medium-archive/pull/1;https://github.com/jupyter/medium-archive/pull/2;https://github.com/jupyter/medium-archive/pull/3;https://github.com/jupyter/medium-archive/pull/4;https://github.com/jupyter/medium-archive/pull/5;https://github.com/jupyter/medium-archive/pull/6;https://github.com/jupyter/medium-archive/pull/7;https://github.com/jupyter/medium-archive/pull/8;https://github.com/jupyter/medium-archive/pull/9;https://github.com/jupyter/medium-archive/pull/10;https://github.com/jupyter/medium-archive/pull/11;https://github.com/jupyter/medium-archive/pull/12;https://github.com/jupyter/medium-archive/pull/13;https://github.com/jupyter/medium-archive/pull/14;https://github.com/jupyter/medium-archive/pull/15;https://github.com/jupyter/medium-archive/pull/16;https://github.com/jupyter/medium-archive/pull/17;https://github.com/jupyter/medium-archive/pull/18;https://github.com/jupyter/medium-archive/pull/19;https://github.com/jupyter/medium-archive/pull/20;https://github.com/jupyter/medium-archive/pull/21;https://github.com/jupyter/medium-archive/pull/22;https://github.com/jupyter/medium-archive/pull/23;https://github.com/jupyter/medium-archive/pull/24;https://github.com/jupyter/medium-archive/pull/25;https://github.com/jupyter/medium-archive/pull/26;https://github.com/jupyter/medium-archive/pull/27;https://github.com/jupyter/medium-archive/pull/28;https://github.com/jupyter/medium-archive/pull/29;https://github.com/jupyter/medium-archive/pull/30;https://github.com/jupyter/medium-archive/pull/31;https://github.com/jupyter/medium-archive/pull/32;https://github.com/jupyter/medium-archive/pull/33;https://github.com/jupyter/medium-archive/pull/34;https://github.com/jupyter/medium-archive/pull/35;https://github.com/jupyter/medium-archive/pull/36;https://github.com/jupyter/medium-archive/pull/37;https://github.com/jupyter/medium-archive/pull/38;https://github.com/jupyter/medium-archive/pull/39;https://github.com/jupyter/medium-archive/pull/40;https://github.com/jupyter/medium-archive/pull/41;https://github.com/jupyter/medium-archive/pull/42;https://github.com/jupyter/medium-archive/pull/43;https://github.com/jupyter/medium-archive/pull/44;https://github.com/jupyter/medium-archive/pull/45;https://github.com/jupyter/medium-archive/pull/46;https://github.com/jupyter/medium-archive/pull/47;https://github.com/jupyter/medium-archive/pull/48;https://github.com/jupyter/medium-archive/pull/49;https://github.com/jupyter/medium-archive/pull/50;https://github.com/jupyter/medium-archive/pull/51;https://github.com/jupyter/medium-archive/pull/52;https://github.com/jupyter/medium-archive/pull/53;https://github.com/jupyter/medium-archive/pull/54;https://github.com/jupyter/medium-archive/pull/55;https://github.com/jupyter/medium-archive/pull/56;https://github.com/jupyter/medium-archive/pull/57;https://github.com/jupyter/medium-archive/pull/58;https://github.com/jupyter/medium-archive/pull/59;https://github.com/jupyter/medium-archive/pull/60;https://github.com/jupyter/medium-archive/pull/61;https://github.com/jupyter/medium-archive/pull/62;https://github.com/jupyter/medium-archive/pull/63;https://github.com/jupyter/medium-archive/pull/64;https://github.com/jupyter/medium-archive/pull/65;https://github.com/jupyter/medium-archive/pull/66;https://github.com/jupyter/medium-archive/pull/67;https://github.com/jupyter/medium-archive/pull/68;https://github.com/jupyter/medium-archive/pull/69;https://github.com/jupyter/medium-archive/pull/70;https://github.com/jupyter/medium-archive/pull/71;https://github.com/jupyter/medium-archive/pull/72;https://github.com/jupyter/medium-archive/pull/73;https://github.com/jupyter/medium-archive/pull/74;https://github.com/jupyter/medium-archive/pull/75;https://github.com/jupyter/medium-archive/pull/76;https://github.com/jupyter/medium-archive/pull/77;https://github.com/jupyter/medium-archive/pull/78;https://github.com/jupyter/medium-archive/pull/80;https://github.com/jupyter/medium-archive/pull/81;https://github.com/jupyter/medium-archive/pull/82;https://github.com/jupyter/medium-archive/pull/83;https://github.com/jupyter/medium-archive/pull/84;https://github.com/jupyter/medium-archive/pull/85;https://github.com/jupyter/medium-archive/pull/86;https://github.com/jupyter/medium-archive/pull/87;https://github.com/jupyter/medium-archive/pull/88;https://github.com/jupyter/medium-archive/pull/89;https://github.com/jupyter/medium-archive/pull/90;https://github.com/jupyter/medium-archive/pull/91;https://github.com/jupyter/medium-archive/pull/92;https://github.com/jupyter/medium-archive/pull/93;https://github.com/jupyter/medium-archive/pull/94;https://github.com/jupyter/medium-archive/pull/95;https://github.com/jupyter/medium-archive/pull/96;https://github.com/jupyter/medium-archive/pull/97;https://github.com/jupyter/medium-archive/pull/98;https://github.com/jupyter/medium-archive/pull/99;https://github.com/jupyter/medium-archive/pull/100;https://github.com/jupyter/medium-archive/pull/101;https://github.com/jupyter/medium-archive/pull/102;https://github.com/jupyter/medium-archive/pull/103;https://github.com/jupyter/medium-archive/pull/104;https://github.com/jupyter/medium-archive/pull/105;https://github.com/jupyter/medium-archive/pull/106;https://github.com/jupyter/medium-archive/pull/107;https://github.com/jupyter/medium-archive/pull/108
jasongrout,jupyterlab/jupyterlab,jupyterlab/jupyterlab,official_jupyter,included,recent_pr_activity,26,18,https://github.com/jupyterlab/jupyterlab/pull/18375;https://github.com/jupyterlab/jupyterlab/pull/18396;https://github.com/jupyterlab/jupyterlab/pull/18402;https://github.com/jupyterlab/jupyterlab/pull/18403;https://github.com/jupyterlab/jupyterlab/pull/18413;https://github.com/jupyterlab/jupyterlab/pull/18414;https://github.com/jupyterlab/jupyterlab/pull/18416;https://github.com/jupyterlab/jupyterlab/pull/18418;https://github.com/jupyterlab/jupyterlab/pull/18419;https://github.com/jupyterlab/jupyterlab/pull/18421;https://github.com/jupyterlab/jupyterlab/pull/18423;https://github.com/jupyterlab/jupyterlab/pull/18440;https://github.com/jupyterlab/jupyterlab/pull/18445;https://github.com/jupyterlab/jupyterlab/pull/18446;https://github.com/jupyterlab/jupyterlab/pull/18471;https://github.com/jupyterlab/jupyterlab/pull/18473;https://github.com/jupyterlab/jupyterlab/pull/18477;https://github.com/jupyterlab/jupyterlab/pull/18484;https://github.com/jupyterlab/jupyterlab/pull/18485;https://github.com/jupyterlab/jupyterlab/pull/18486;https://github.com/jupyterlab/jupyterlab/pull/18488;https://github.com/jupyterlab/jupyterlab/pull/18493;https://github.com/jupyterlab/jupyterlab/pull/18503;https://github.com/jupyterlab/jupyterlab/pull/18504;https://github.com/jupyterlab/jupyterlab/pull/18511;https://github.com/jupyterlab/jupyterlab/pull/19189
jasongrout,jupyterlab/lumino,jupyterlab/lumino,official_jupyter,included,recent_pr_activity,6,6,https://github.com/jupyterlab/lumino/pull/777;https://github.com/jupyterlab/lumino/pull/782;https://github.com/jupyterlab/lumino/pull/784;https://github.com/jupyterlab/lumino/pull/786;https://github.com/jupyterlab/lumino/pull/787;https://github.com/jupyterlab/lumino/pull/791
johanmabille,QuantStack/git2cpp,QuantStack/git2cpp,non_jupyter,included,recent_pr_activity,6,6,https://github.com/QuantStack/git2cpp/pull/84;https://github.com/QuantStack/git2cpp/pull/85;https://github.com/QuantStack/git2cpp/pull/93;https://github.com/QuantStack/git2cpp/pull/95;https://github.com/QuantStack/git2cpp/pull/114;https://github.com/QuantStack/git2cpp/pull/171
johanmabille,compiler-research/xeus-cpp,compiler-research/xeus-cpp,adjacent_jupyter,included,recent_pr_activity,4,3,https://github.com/compiler-research/xeus-cpp/pull/454;https://github.com/compiler-research/xeus-cpp/pull/455;https://github.com/compiler-research/xeus-cpp/pull/457;https://github.com/compiler-research/xeus-cpp/pull/471
johanmabille,conda-forge,conda-forge/admin-requests,non_jupyter,unclassified_license,recent_pr_activity,5,4,https://github.com/conda-forge/admin-requests/pull/1825;https://github.com/conda-forge/admin-requests/pull/1983;https://github.com/conda-forge/admin-requests/pull/1986;https://github.com/conda-forge/admin-requests/pull/2022;https://github.com/conda-forge/admin-requests/pull/2220
johanmabille,conda-forge,conda-forge/mamba-feedstock,non_jupyter,included,recent_pr_activity,7,6,https://github.com/conda-forge/mamba-feedstock/pull/372;https://github.com/conda-forge/mamba-feedstock/pull/374;https://github.com/conda-forge/mamba-feedstock/pull/382;https://github.com/conda-forge/mamba-feedstock/pull/387;https://github.com/conda-forge/mamba-feedstock/pull/388;https://github.com/conda-forge/mamba-feedstock/pull/390;https://github.com/conda-forge/mamba-feedstock/pull/391
johanmabille,conda-forge,conda-forge/micromamba-feedstock,non_jupyter,included,recent_pr_activity,5,5,https://github.com/conda-forge/micromamba-feedstock/pull/300;https://github.com/conda-forge/micromamba-feedstock/pull/301;https://github.com/conda-forge/micromamba-feedstock/pull/302;https://github.com/conda-forge/micromamba-feedstock/pull/303;https://github.com/conda-forge/micromamba-feedstock/pull/304
johanmabille,conda-forge,conda-forge/sparrow-feedstock,non_jupyter,included,recent_pr_activity,6,4,https://github.com/conda-forge/sparrow-feedstock/pull/44;https://github.com/conda-forge/sparrow-feedstock/pull/45;https://github.com/conda-forge/sparrow-feedstock/pull/46;https://github.com/conda-forge/sparrow-feedstock/pull/50;https://github.com/conda-forge/sparrow-feedstock/pull/51;https://github.com/conda-forge/sparrow-feedstock/pull/54
johanmabille,conda-forge,conda-forge/sparrow-ipc-feedstock,non_jupyter,included,recent_pr_activity,3,3,https://github.com/conda-forge/sparrow-ipc-feedstock/pull/1;https://github.com/conda-forge/sparrow-ipc-feedstock/pull/4;https://github.com/conda-forge/sparrow-ipc-feedstock/pull/7
johanmabille,conda-forge,conda-forge/xeus-feedstock,non_jupyter,included,recent_pr_activity,8,8,https://github.com/conda-forge/xeus-feedstock/pull/148;https://github.com/conda-forge/xeus-feedstock/pull/149;https://github.com/conda-forge/xeus-feedstock/pull/150;https://github.com/conda-forge/xeus-feedstock/pull/151;https://github.com/conda-forge/xeus-feedstock/pull/152;https://github.com/conda-forge/xeus-feedstock/pull/153;https://github.com/conda-forge/xeus-feedstock/pull/154;https://github.com/conda-forge/xeus-feedstock/pull/156
johanmabille,conda-forge,conda-forge/xeus-lua-feedstock,non_jupyter,included,recent_pr_activity,3,3,https://github.com/conda-forge/xeus-lua-feedstock/pull/58;https://github.com/conda-forge/xeus-lua-feedstock/pull/59;https://github.com/conda-forge/xeus-lua-feedstock/pull/60
johanmabille,conda-forge,conda-forge/xeus-python-feedstock,non_jupyter,included,recent_pr_activity,10,9,https://github.com/conda-forge/xeus-python-feedstock/pull/190;https://github.com/conda-forge/xeus-python-feedstock/pull/191;https://github.com/conda-forge/xeus-python-feedstock/pull/192;https://github.com/conda-forge/xeus-python-feedstock/pull/193;https://github.com/conda-forge/xeus-python-feedstock/pull/194;https://github.com/conda-forge/xeus-python-feedstock/pull/195;https://github.com/conda-forge/xeus-python-feedstock/pull/197;https://github.com/conda-forge/xeus-python-feedstock/pull/198;https://github.com/conda-forge/xeus-python-feedstock/pull/200;https://github.com/conda-forge/xeus-python-feedstock/pull/201
johanmabille,conda-forge,conda-forge/xeus-r-feedstock,non_jupyter,included,recent_pr_activity,4,4,https://github.com/conda-forge/xeus-r-feedstock/pull/28;https://github.com/conda-forge/xeus-r-feedstock/pull/29;https://github.com/conda-forge/xeus-r-feedstock/pull/30;https://github.com/conda-forge/xeus-r-feedstock/pull/32
johanmabille,conda-forge,conda-forge/xeus-sqlite-feedstock,non_jupyter,included,recent_pr_activity,4,3,https://github.com/conda-forge/xeus-sqlite-feedstock/pull/35;https://github.com/conda-forge/xeus-sqlite-feedstock/pull/36;https://github.com/conda-forge/xeus-sqlite-feedstock/pull/37;https://github.com/conda-forge/xeus-sqlite-feedstock/pull/38
johanmabille,emscripten-forge,emscripten-forge/recipes,non_jupyter,included,recent_pr_activity,23,23,https://github.com/emscripten-forge/recipes/pull/4347;https://github.com/emscripten-forge/recipes/pull/5006;https://github.com/emscripten-forge/recipes/pull/5018;https://github.com/emscripten-forge/recipes/pull/5020;https://github.com/emscripten-forge/recipes/pull/5053;https://github.com/emscripten-forge/recipes/pull/5054;https://github.com/emscripten-forge/recipes/pull/5055;https://github.com/emscripten-forge/recipes/pull/5056;https://github.com/emscripten-forge/recipes/pull/5059;https://github.com/emscripten-forge/recipes/pull/5070;https://github.com/emscripten-forge/recipes/pull/5093;https://github.com/emscripten-forge/recipes/pull/5095;https://github.com/emscripten-forge/recipes/pull/5131;https://github.com/emscripten-forge/recipes/pull/5164;https://github.com/emscripten-forge/recipes/pull/5186;https://github.com/emscripten-forge/recipes/pull/5225;https://github.com/emscripten-forge/recipes/pull/5282;https://github.com/emscripten-forge/recipes/pull/5290;https://github.com/emscripten-forge/recipes/pull/5292;https://github.com/emscripten-forge/recipes/pull/5377;https://github.com/emscripten-forge/recipes/pull/5389;https://github.com/emscripten-forge/recipes/pull/5391;https://github.com/emscripten-forge/recipes/pull/6383
johanmabille,ipython/ipykernel,ipython/ipykernel,official_jupyter,included,recent_pr_activity,5,5,https://github.com/ipython/ipykernel/pull/1486;https://github.com/ipython/ipykernel/pull/1487;https://github.com/ipython/ipykernel/pull/1488;https://github.com/ipython/ipykernel/pull/1492;https://github.com/ipython/ipykernel/pull/1501
johanmabille,ipython/traitlets,ipython/traitlets,official_jupyter,included,recent_pr_activity,4,4,https://github.com/ipython/traitlets/pull/935;https://github.com/ipython/traitlets/pull/936;https://github.com/ipython/traitlets/pull/937;https://github.com/ipython/traitlets/pull/939
johanmabille,jupyter-xeus/xeus,jupyter-xeus/xeus,official_jupyter,included,recent_pr_activity,18,17,https://github.com/jupyter-xeus/xeus/pull/439;https://github.com/jupyter-xeus/xeus/pull/444;https://github.com/jupyter-xeus/xeus/pull/446;https://github.com/jupyter-xeus/xeus/pull/447;https://github.com/jupyter-xeus/xeus/pull/448;https://github.com/jupyter-xeus/xeus/pull/449;https://github.com/jupyter-xeus/xeus/pull/450;https://github.com/jupyter-xeus/xeus/pull/451;https://github.com/jupyter-xeus/xeus/pull/452;https://github.com/jupyter-xeus/xeus/pull/453;https://github.com/jupyter-xeus/xeus/pull/454;https://github.com/jupyter-xeus/xeus/pull/455;https://github.com/jupyter-xeus/xeus/pull/456;https://github.com/jupyter-xeus/xeus/pull/457;https://github.com/jupyter-xeus/xeus/pull/458;https://github.com/jupyter-xeus/xeus/pull/460;https://github.com/jupyter-xeus/xeus/pull/461;https://github.com/jupyter-xeus/xeus/pull/462
johanmabille,jupyter-xeus/xeus-lua,jupyter-xeus/xeus-lua,official_jupyter,included,recent_pr_activity,4,3,https://github.com/jupyter-xeus/xeus-lua/pull/58;https://github.com/jupyter-xeus/xeus-lua/pull/59;https://github.com/jupyter-xeus/xeus-lua/pull/60;https://github.com/jupyter-xeus/xeus-lua/pull/64
johanmabille,jupyter-xeus/xeus-python,jupyter-xeus/xeus-python,official_jupyter,included,recent_pr_activity,12,11,https://github.com/jupyter-xeus/xeus-python/pull/690;https://github.com/jupyter-xeus/xeus-python/pull/691;https://github.com/jupyter-xeus/xeus-python/pull/693;https://github.com/jupyter-xeus/xeus-python/pull/694;https://github.com/jupyter-xeus/xeus-python/pull/695;https://github.com/jupyter-xeus/xeus-python/pull/698;https://github.com/jupyter-xeus/xeus-python/pull/699;https://github.com/jupyter-xeus/xeus-python/pull/700;https://github.com/jupyter-xeus/xeus-python/pull/701;https://github.com/jupyter-xeus/xeus-python/pull/703;https://github.com/jupyter-xeus/xeus-python/pull/709;https://github.com/jupyter-xeus/xeus-python/pull/710
johanmabille,jupyter-xeus/xeus-sql,jupyter-xeus/xeus-sql,official_jupyter,included,recent_pr_activity,6,6,https://github.com/jupyter-xeus/xeus-sql/pull/93;https://github.com/jupyter-xeus/xeus-sql/pull/95;https://github.com/jupyter-xeus/xeus-sql/pull/96;https://github.com/jupyter-xeus/xeus-sql/pull/97;https://github.com/jupyter-xeus/xeus-sql/pull/98;https://github.com/jupyter-xeus/xeus-sql/pull/99
johanmabille,jupyter-xeus/xeus-sqlite,jupyter-xeus/xeus-sqlite,official_jupyter,included,recent_pr_activity,4,4,https://github.com/jupyter-xeus/xeus-sqlite/pull/157;https://github.com/jupyter-xeus/xeus-sqlite/pull/158;https://github.com/jupyter-xeus/xeus-sqlite/pull/161;https://github.com/jupyter-xeus/xeus-sqlite/pull/162
johanmabille,jupyter-xeus/xeus-zmq,jupyter-xeus/xeus-zmq,official_jupyter,included,recent_pr_activity,7,3,https://github.com/jupyter-xeus/xeus-zmq/pull/83;https://github.com/jupyter-xeus/xeus-zmq/pull/84;https://github.com/jupyter-xeus/xeus-zmq/pull/85;https://github.com/jupyter-xeus/xeus-zmq/pull/86;https://github.com/jupyter-xeus/xeus-zmq/pull/87;https://github.com/jupyter-xeus/xeus-zmq/pull/88;https://github.com/jupyter-xeus/xeus-zmq/pull/89
johanmabille,jupyter-xeus/xleaflet,jupyter-xeus/xleaflet,official_jupyter,included,recent_pr_activity,4,4,https://github.com/jupyter-xeus/xleaflet/pull/110;https://github.com/jupyter-xeus/xleaflet/pull/111;https://github.com/jupyter-xeus/xleaflet/pull/112;https://github.com/jupyter-xeus/xleaflet/pull/113
johanmabille,jupyter-xeus/xwidgets,jupyter-xeus/xwidgets,official_jupyter,included,recent_pr_activity,3,3,https://github.com/jupyter-xeus/xwidgets/pull/276;https://github.com/jupyter-xeus/xwidgets/pull/277;https://github.com/jupyter-xeus/xwidgets/pull/282
johanmabille,jupyter/jupyter.github.io,jupyter/jupyter.github.io,official_jupyter,included,recent_pr_activity,5,5,https://github.com/jupyter/jupyter.github.io/pull/833;https://github.com/jupyter/jupyter.github.io/pull/856;https://github.com/jupyter/jupyter.github.io/pull/857;https://github.com/jupyter/jupyter.github.io/pull/859;https://github.com/jupyter/jupyter.github.io/pull/861
johanmabille,jupyter/jupyter_client,jupyter/jupyter_client,official_jupyter,included,recent_pr_activity,3,1,https://github.com/jupyter/jupyter_client/pull/1098;https://github.com/jupyter/jupyter_client/pull/1108;https://github.com/jupyter/jupyter_client/pull/1109
johanmabille,Mamba,mamba-org/mamba,non_jupyter,included,recent_pr_activity,3,3,https://github.com/mamba-org/mamba/pull/4129;https://github.com/mamba-org/mamba/pull/4413;https://github.com/mamba-org/mamba/pull/4415
johanmabille,man-group/polarctic,man-group/polarctic,non_jupyter,excluded_source_available,recent_pr_activity,3,3,https://github.com/man-group/polarctic/pull/1;https://github.com/man-group/polarctic/pull/2;https://github.com/man-group/polarctic/pull/3
johanmabille,runtimed/kernel-testbed,runtimed/kernel-testbed,adjacent_jupyter,included,recent_pr_activity,3,2,https://github.com/runtimed/kernel-testbed/pull/81;https://github.com/runtimed/kernel-testbed/pull/82;https://github.com/runtimed/kernel-testbed/pull/84
johanmabille,sparrow-org/sparrow-ipc,sparrow-org/sparrow-ipc,non_jupyter,included,recent_pr_activity,4,4,https://github.com/sparrow-org/sparrow-ipc/pull/111;https://github.com/sparrow-org/sparrow-ipc/pull/113;https://github.com/sparrow-org/sparrow-ipc/pull/114;https://github.com/sparrow-org/sparrow-ipc/pull/119
johanmabille,xtensor stack,xtensor-stack/xsimd,non_jupyter,included,recent_pr_activity,5,3,https://github.com/xtensor-stack/xsimd/pull/1296;https://github.com/xtensor-stack/xsimd/pull/1382;https://github.com/xtensor-stack/xsimd/pull/1383;https://github.com/xtensor-stack/xsimd/pull/1385;https://github.com/xtensor-stack/xsimd/pull/1389
johanmabille,xtensor stack,xtensor-stack/xtensor,non_jupyter,included,recent_pr_activity,11,10,https://github.com/xtensor-stack/xtensor/pull/2890;https://github.com/xtensor-stack/xtensor/pull/2895;https://github.com/xtensor-stack/xtensor/pull/2898;https://github.com/xtensor-stack/xtensor/pull/2901;https://github.com/xtensor-stack/xtensor/pull/2902;https://github.com/xtensor-stack/xtensor/pull/2903;https://github.com/xtensor-stack/xtensor/pull/2913;https://github.com/xtensor-stack/xtensor/pull/2917;https://github.com/xtensor-stack/xtensor/pull/2920;https://github.com/xtensor-stack/xtensor/pull/2924;https://github.com/xtensor-stack/xtensor/pull/2928
johanmabille,xtensor stack,xtensor-stack/xtensor-fftw,non_jupyter,included,recent_pr_activity,3,3,https://github.com/xtensor-stack/xtensor-fftw/pull/69;https://github.com/xtensor-stack/xtensor-fftw/pull/70;https://github.com/xtensor-stack/xtensor-fftw/pull/71
johanmabille,xtensor stack,xtensor-stack/xtensor-io,non_jupyter,included,recent_pr_activity,5,5,https://github.com/xtensor-stack/xtensor-io/pull/182;https://github.com/xtensor-stack/xtensor-io/pull/183;https://github.com/xtensor-stack/xtensor-io/pull/184;https://github.com/xtensor-stack/xtensor-io/pull/185;https://github.com/xtensor-stack/xtensor-io/pull/186
jtpio,jtpio/ajlab,jtpio/ajlab,adjacent_jupyter,included,recent_pr_activity,10,10,https://github.com/jtpio/ajlab/pull/1;https://github.com/jtpio/ajlab/pull/3;https://github.com/jtpio/ajlab/pull/4;https://github.com/jtpio/ajlab/pull/5;https://github.com/jtpio/ajlab/pull/6;https://github.com/jtpio/ajlab/pull/7;https://github.com/jtpio/ajlab/pull/8;https://github.com/jtpio/ajlab/pull/9;https://github.com/jtpio/ajlab/pull/10;https://github.com/jtpio/ajlab/pull/11
jtpio,jtpio/jtpio.github.io,jtpio/jtpio.github.io,non_jupyter,excluded_ancillary,recent_pr_activity,8,8,https://github.com/jtpio/jtpio.github.io/pull/52;https://github.com/jtpio/jtpio.github.io/pull/53;https://github.com/jtpio/jtpio.github.io/pull/62;https://github.com/jtpio/jtpio.github.io/pull/78;https://github.com/jtpio/jtpio.github.io/pull/84;https://github.com/jtpio/jtpio.github.io/pull/85;https://github.com/jtpio/jtpio.github.io/pull/88;https://github.com/jtpio/jtpio.github.io/pull/97
jtpio,jtpio/jupyterlab-browser-ai,jtpio/jupyterlab-browser-ai,adjacent_jupyter,included,recent_pr_activity,11,9,https://github.com/jtpio/jupyterlab-browser-ai/pull/13;https://github.com/jtpio/jupyterlab-browser-ai/pull/14;https://github.com/jtpio/jupyterlab-browser-ai/pull/15;https://github.com/jtpio/jupyterlab-browser-ai/pull/16;https://github.com/jtpio/jupyterlab-browser-ai/pull/17;https://github.com/jtpio/jupyterlab-browser-ai/pull/18;https://github.com/jtpio/jupyterlab-browser-ai/pull/19;https://github.com/jtpio/jupyterlab-browser-ai/pull/20;https://github.com/jtpio/jupyterlab-browser-ai/pull/21;https://github.com/jtpio/jupyterlab-browser-ai/pull/23;https://github.com/jtpio/jupyterlab-browser-ai/pull/24
jtpio,jtpio/jupyterlab-pierre-theme,jtpio/jupyterlab-pierre-theme,adjacent_jupyter,included,recent_pr_activity,3,3,https://github.com/jtpio/jupyterlab-pierre-theme/pull/1;https://github.com/jtpio/jupyterlab-pierre-theme/pull/2;https://github.com/jtpio/jupyterlab-pierre-theme/pull/3
jtpio,jtpio/jupyterlab-unsafe-globals,jtpio/jupyterlab-unsafe-globals,adjacent_jupyter,included,recent_pr_activity,3,3,https://github.com/jtpio/jupyterlab-unsafe-globals/pull/1;https://github.com/jtpio/jupyterlab-unsafe-globals/pull/2;https://github.com/jtpio/jupyterlab-unsafe-globals/pull/3
jtpio,jtpio/jupyterlite,jtpio/jupyterlite,adjacent_jupyter,excluded_fork,recent_pr_activity,5,0,https://github.com/jtpio/jupyterlite/pull/18;https://github.com/jtpio/jupyterlite/pull/19;https://github.com/jtpio/jupyterlite/pull/20;https://github.com/jtpio/jupyterlite/pull/21;https://github.com/jtpio/jupyterlite/pull/22
jtpio,jtpio/jupyterlite-ai-kernels,jtpio/jupyterlite-ai-kernels,adjacent_jupyter,included,recent_pr_activity,8,8,https://github.com/jtpio/jupyterlite-ai-kernels/pull/2;https://github.com/jtpio/jupyterlite-ai-kernels/pull/3;https://github.com/jtpio/jupyterlite-ai-kernels/pull/4;https://github.com/jtpio/jupyterlite-ai-kernels/pull/5;https://github.com/jtpio/jupyterlite-ai-kernels/pull/6;https://github.com/jtpio/jupyterlite-ai-kernels/pull/7;https://github.com/jtpio/jupyterlite-ai-kernels/pull/8;https://github.com/jtpio/jupyterlite-ai-kernels/pull/9
jtpio,jtpio/jupyterlite-remote-server,jtpio/jupyterlite-remote-server,adjacent_jupyter,included,recent_pr_activity,3,3,https://github.com/jtpio/jupyterlite-remote-server/pull/1;https://github.com/jtpio/jupyterlite-remote-server/pull/2;https://github.com/jtpio/jupyterlite-remote-server/pull/3
jtpio,jtpio/lump-sum-vs-dca,jtpio/lump-sum-vs-dca,non_jupyter,included,recent_pr_activity,3,3,https://github.com/jtpio/lump-sum-vs-dca/pull/1;https://github.com/jtpio/lump-sum-vs-dca/pull/2;https://github.com/jtpio/lump-sum-vs-dca/pull/3
jtpio,jtpio/xtralab,jtpio/xtralab,adjacent_jupyter,included,recent_pr_activity,92,89,https://github.com/jtpio/xtralab/pull/1;https://github.com/jtpio/xtralab/pull/3;https://github.com/jtpio/xtralab/pull/5;https://github.com/jtpio/xtralab/pull/6;https://github.com/jtpio/xtralab/pull/7;https://github.com/jtpio/xtralab/pull/9;https://github.com/jtpio/xtralab/pull/11;https://github.com/jtpio/xtralab/pull/13;https://github.com/jtpio/xtralab/pull/14;https://github.com/jtpio/xtralab/pull/15;https://github.com/jtpio/xtralab/pull/17;https://github.com/jtpio/xtralab/pull/19;https://github.com/jtpio/xtralab/pull/20;https://github.com/jtpio/xtralab/pull/21;https://github.com/jtpio/xtralab/pull/22;https://github.com/jtpio/xtralab/pull/23;https://github.com/jtpio/xtralab/pull/24;https://github.com/jtpio/xtralab/pull/25;https://github.com/jtpio/xtralab/pull/26;https://github.com/jtpio/xtralab/pull/28;https://github.com/jtpio/xtralab/pull/29;https://github.com/jtpio/xtralab/pull/30;https://github.com/jtpio/xtralab/pull/31;https://github.com/jtpio/xtralab/pull/32;https://github.com/jtpio/xtralab/pull/33;https://github.com/jtpio/xtralab/pull/34;https://github.com/jtpio/xtralab/pull/35;https://github.com/jtpio/xtralab/pull/36;https://github.com/jtpio/xtralab/pull/37;https://github.com/jtpio/xtralab/pull/38;https://github.com/jtpio/xtralab/pull/40;https://github.com/jtpio/xtralab/pull/41;https://github.com/jtpio/xtralab/pull/42;https://github.com/jtpio/xtralab/pull/43;https://github.com/jtpio/xtralab/pull/45;https://github.com/jtpio/xtralab/pull/48;https://github.com/jtpio/xtralab/pull/49;https://github.com/jtpio/xtralab/pull/51;https://github.com/jtpio/xtralab/pull/52;https://github.com/jtpio/xtralab/pull/53;https://github.com/jtpio/xtralab/pull/54;https://github.com/jtpio/xtralab/pull/55;https://github.com/jtpio/xtralab/pull/56;https://github.com/jtpio/xtralab/pull/57;https://github.com/jtpio/xtralab/pull/58;https://github.com/jtpio/xtralab/pull/59;https://github.com/jtpio/xtralab/pull/61;https://github.com/jtpio/xtralab/pull/62;https://github.com/jtpio/xtralab/pull/63;https://github.com/jtpio/xtralab/pull/64;https://github.com/jtpio/xtralab/pull/65;https://github.com/jtpio/xtralab/pull/67;https://github.com/jtpio/xtralab/pull/68;https://github.com/jtpio/xtralab/pull/69;https://github.com/jtpio/xtralab/pull/70;https://github.com/jtpio/xtralab/pull/71;https://github.com/jtpio/xtralab/pull/73;https://github.com/jtpio/xtralab/pull/75;https://github.com/jtpio/xtralab/pull/76;https://github.com/jtpio/xtralab/pull/77;https://github.com/jtpio/xtralab/pull/78;https://github.com/jtpio/xtralab/pull/79;https://github.com/jtpio/xtralab/pull/81;https://github.com/jtpio/xtralab/pull/82;https://github.com/jtpio/xtralab/pull/83;https://github.com/jtpio/xtralab/pull/84;https://github.com/jtpio/xtralab/pull/85;https://github.com/jtpio/xtralab/pull/86;https://github.com/jtpio/xtralab/pull/87;https://github.com/jtpio/xtralab/pull/88;https://github.com/jtpio/xtralab/pull/90;https://github.com/jtpio/xtralab/pull/91;https://github.com/jtpio/xtralab/pull/92;https://github.com/jtpio/xtralab/pull/93;https://github.com/jtpio/xtralab/pull/94;https://github.com/jtpio/xtralab/pull/95;https://github.com/jtpio/xtralab/pull/96;https://github.com/jtpio/xtralab/pull/97;https://github.com/jtpio/xtralab/pull/98;https://github.com/jtpio/xtralab/pull/99;https://github.com/jtpio/xtralab/pull/100;https://github.com/jtpio/xtralab/pull/101;https://github.com/jtpio/xtralab/pull/102;https://github.com/jtpio/xtralab/pull/103;https://github.com/jtpio/xtralab/pull/106;https://github.com/jtpio/xtralab/pull/110;https://github.com/jtpio/xtralab/pull/111;https://github.com/jtpio/xtralab/pull/112;https://github.com/jtpio/xtralab/pull/113;https://github.com/jtpio/xtralab/pull/114;https://github.com/jtpio/xtralab/pull/115;https://github.com/jtpio/xtralab/pull/116
jtpio,Jupyter AI Contrib,jupyter-ai-contrib/jupyter-ai-acp-client,adjacent_jupyter,included,recent_pr_activity,5,5,https://github.com/jupyter-ai-contrib/jupyter-ai-acp-client/pull/55;https://github.com/jupyter-ai-contrib/jupyter-ai-acp-client/pull/93;https://github.com/jupyter-ai-contrib/jupyter-ai-acp-client/pull/95;https://github.com/jupyter-ai-contrib/jupyter-ai-acp-client/pull/204;https://github.com/jupyter-ai-contrib/jupyter-ai-acp-client/pull/205
jtpio,Jupyter AI Contrib,jupyter-ai-contrib/jupyter-ai-tools,adjacent_jupyter,included,recent_pr_activity,3,1,https://github.com/jupyter-ai-contrib/jupyter-ai-tools/pull/32;https://github.com/jupyter-ai-contrib/jupyter-ai-tools/pull/51;https://github.com/jupyter-ai-contrib/jupyter-ai-tools/pull/52
jtpio,Jupyter AI Contrib,jupyter-ai-contrib/jupyter-chat-components,adjacent_jupyter,included,recent_pr_activity,6,6,https://github.com/jupyter-ai-contrib/jupyter-chat-components/pull/5;https://github.com/jupyter-ai-contrib/jupyter-chat-components/pull/7;https://github.com/jupyter-ai-contrib/jupyter-chat-components/pull/8;https://github.com/jupyter-ai-contrib/jupyter-chat-components/pull/11;https://github.com/jupyter-ai-contrib/jupyter-chat-components/pull/12;https://github.com/jupyter-ai-contrib/jupyter-chat-components/pull/16
jtpio,Jupyter AI Contrib,jupyter-ai-contrib/jupyter-server-mcp,adjacent_jupyter,included,recent_pr_activity,9,8,https://github.com/jupyter-ai-contrib/jupyter-server-mcp/pull/14;https://github.com/jupyter-ai-contrib/jupyter-server-mcp/pull/15;https://github.com/jupyter-ai-contrib/jupyter-server-mcp/pull/17;https://github.com/jupyter-ai-contrib/jupyter-server-mcp/pull/20;https://github.com/jupyter-ai-contrib/jupyter-server-mcp/pull/23;https://github.com/jupyter-ai-contrib/jupyter-server-mcp/pull/24;https://github.com/jupyter-ai-contrib/jupyter-server-mcp/pull/26;https://github.com/jupyter-ai-contrib/jupyter-server-mcp/pull/32;https://github.com/jupyter-ai-contrib/jupyter-server-mcp/pull/34
jtpio,Jupyter AI Contrib,jupyter-ai-contrib/jupyterlab-ai-commands,adjacent_jupyter,included,recent_pr_activity,7,7,https://github.com/jupyter-ai-contrib/jupyterlab-ai-commands/pull/10;https://github.com/jupyter-ai-contrib/jupyterlab-ai-commands/pull/11;https://github.com/jupyter-ai-contrib/jupyterlab-ai-commands/pull/13;https://github.com/jupyter-ai-contrib/jupyterlab-ai-commands/pull/17;https://github.com/jupyter-ai-contrib/jupyterlab-ai-commands/pull/19;https://github.com/jupyter-ai-contrib/jupyterlab-ai-commands/pull/20;https://github.com/jupyter-ai-contrib/jupyterlab-ai-commands/pull/21
jtpio,Jupyter AI Contrib,jupyter-ai-contrib/jupyterlab-commands-toolkit,adjacent_jupyter,included,recent_pr_activity,8,6,https://github.com/jupyter-ai-contrib/jupyterlab-commands-toolkit/pull/13;https://github.com/jupyter-ai-contrib/jupyterlab-commands-toolkit/pull/14;https://github.com/jupyter-ai-contrib/jupyterlab-commands-toolkit/pull/15;https://github.com/jupyter-ai-contrib/jupyterlab-commands-toolkit/pull/34;https://github.com/jupyter-ai-contrib/jupyterlab-commands-toolkit/pull/37;https://github.com/jupyter-ai-contrib/jupyterlab-commands-toolkit/pull/38;https://github.com/jupyter-ai-contrib/jupyterlab-commands-toolkit/pull/39;https://github.com/jupyter-ai-contrib/jupyterlab-commands-toolkit/pull/44
jtpio,jupyter-server/jupyter_releaser,jupyter-server/jupyter_releaser,official_jupyter,included,recent_pr_activity,7,7,https://github.com/jupyter-server/jupyter_releaser/pull/640;https://github.com/jupyter-server/jupyter_releaser/pull/648;https://github.com/jupyter-server/jupyter_releaser/pull/651;https://github.com/jupyter-server/jupyter_releaser/pull/654;https://github.com/jupyter-server/jupyter_releaser/pull/661;https://github.com/jupyter-server/jupyter_releaser/pull/663;https://github.com/jupyter-server/jupyter_releaser/pull/761
jtpio,jupyter/nbdime,jupyter/nbdime,official_jupyter,included,recent_pr_activity,5,4,https://github.com/jupyter/nbdime/pull/793;https://github.com/jupyter/nbdime/pull/794;https://github.com/jupyter/nbdime/pull/798;https://github.com/jupyter/nbdime/pull/809;https://github.com/jupyter/nbdime/pull/810
jtpio,jupyter/notebook,jupyter/notebook,official_jupyter,included,recent_pr_activity,72,68,https://github.com/jupyter/notebook/pull/7800;https://github.com/jupyter/notebook/pull/7801;https://github.com/jupyter/notebook/pull/7803;https://github.com/jupyter/notebook/pull/7814;https://github.com/jupyter/notebook/pull/7816;https://github.com/jupyter/notebook/pull/7821;https://github.com/jupyter/notebook/pull/7836;https://github.com/jupyter/notebook/pull/7841;https://github.com/jupyter/notebook/pull/7842;https://github.com/jupyter/notebook/pull/7855;https://github.com/jupyter/notebook/pull/7857;https://github.com/jupyter/notebook/pull/7859;https://github.com/jupyter/notebook/pull/7860;https://github.com/jupyter/notebook/pull/7861;https://github.com/jupyter/notebook/pull/7881;https://github.com/jupyter/notebook/pull/7882;https://github.com/jupyter/notebook/pull/7892;https://github.com/jupyter/notebook/pull/7893;https://github.com/jupyter/notebook/pull/7894;https://github.com/jupyter/notebook/pull/7895;https://github.com/jupyter/notebook/pull/7898;https://github.com/jupyter/notebook/pull/7899;https://github.com/jupyter/notebook/pull/7901;https://github.com/jupyter/notebook/pull/7902;https://github.com/jupyter/notebook/pull/7913;https://github.com/jupyter/notebook/pull/7923;https://github.com/jupyter/notebook/pull/7935;https://github.com/jupyter/notebook/pull/7938;https://github.com/jupyter/notebook/pull/7939;https://github.com/jupyter/notebook/pull/7940;https://github.com/jupyter/notebook/pull/7949;https://github.com/jupyter/notebook/pull/7954;https://github.com/jupyter/notebook/pull/7955;https://github.com/jupyter/notebook/pull/7957;https://github.com/jupyter/notebook/pull/7966;https://github.com/jupyter/notebook/pull/7967;https://github.com/jupyter/notebook/pull/7977;https://github.com/jupyter/notebook/pull/7978;https://github.com/jupyter/notebook/pull/7982;https://github.com/jupyter/notebook/pull/7985;https://github.com/jupyter/notebook/pull/7991;https://github.com/jupyter/notebook/pull/7996;https://github.com/jupyter/notebook/pull/8001;https://github.com/jupyter/notebook/pull/8002;https://github.com/jupyter/notebook/pull/8007;https://github.com/jupyter/notebook/pull/8008;https://github.com/jupyter/notebook/pull/8009;https://github.com/jupyter/notebook/pull/8010;https://github.com/jupyter/notebook/pull/8013;https://github.com/jupyter/notebook/pull/8020;https://github.com/jupyter/notebook/pull/8028;https://github.com/jupyter/notebook/pull/8029;https://github.com/jupyter/notebook/pull/8030;https://github.com/jupyter/notebook/pull/8031;https://github.com/jupyter/notebook/pull/8032;https://github.com/jupyter/notebook/pull/8036;https://github.com/jupyter/notebook/pull/8037;https://github.com/jupyter/notebook/pull/8038;https://github.com/jupyter/notebook/pull/8039;https://github.com/jupyter/notebook/pull/8041;https://github.com/jupyter/notebook/pull/8042;https://github.com/jupyter/notebook/pull/8056;https://github.com/jupyter/notebook/pull/8060;https://github.com/jupyter/notebook/pull/8066;https://github.com/jupyter/notebook/pull/8067;https://github.com/jupyter/notebook/pull/8068;https://github.com/jupyter/notebook/pull/8069;https://github.com/jupyter/notebook/pull/8070;https://github.com/jupyter/notebook/pull/8071;https://github.com/jupyter/notebook/pull/8072;https://github.com/jupyter/notebook/pull/8073;https://github.com/jupyter/notebook/pull/8079
jtpio,jupyter/try-jupyter,jupyter/try-jupyter,official_jupyter,included,recent_pr_activity,3,3,https://github.com/jupyter/try-jupyter/pull/79;https://github.com/jupyter/try-jupyter/pull/80;https://github.com/jupyter/try-jupyter/pull/85
jtpio,JupyterLab Contrib,jupyterlab-contrib/jupyterlab-browser-storage,adjacent_jupyter,included,recent_pr_activity,10,9,https://github.com/jupyterlab-contrib/jupyterlab-browser-storage/pull/6;https://github.com/jupyterlab-contrib/jupyterlab-browser-storage/pull/7;https://github.com/jupyterlab-contrib/jupyterlab-browser-storage/pull/8;https://github.com/jupyterlab-contrib/jupyterlab-browser-storage/pull/9;https://github.com/jupyterlab-contrib/jupyterlab-browser-storage/pull/10;https://github.com/jupyterlab-contrib/jupyterlab-browser-storage/pull/11;https://github.com/jupyterlab-contrib/jupyterlab-browser-storage/pull/12;https://github.com/jupyterlab-contrib/jupyterlab-browser-storage/pull/14;https://github.com/jupyterlab-contrib/jupyterlab-browser-storage/pull/15;https://github.com/jupyterlab-contrib/jupyterlab-browser-storage/pull/16
jtpio,JupyterLab Contrib,jupyterlab-contrib/jupyterlab-quickopen,adjacent_jupyter,included,recent_pr_activity,5,5,https://github.com/jupyterlab-contrib/jupyterlab-quickopen/pull/74;https://github.com/jupyterlab-contrib/jupyterlab-quickopen/pull/75;https://github.com/jupyterlab-contrib/jupyterlab-quickopen/pull/76;https://github.com/jupyterlab-contrib/jupyterlab-quickopen/pull/87;https://github.com/jupyterlab-contrib/jupyterlab-quickopen/pull/102
jtpio,jupyterlab/jupyter-ai,jupyterlab/jupyter-ai,official_jupyter,included,recent_pr_activity,7,4,https://github.com/jupyterlab/jupyter-ai/pull/1548;https://github.com/jupyterlab/jupyter-ai/pull/1551;https://github.com/jupyterlab/jupyter-ai/pull/1573;https://github.com/jupyterlab/jupyter-ai/pull/1574;https://github.com/jupyterlab/jupyter-ai/pull/1611;https://github.com/jupyterlab/jupyter-ai/pull/1668;https://github.com/jupyterlab/jupyter-ai/pull/1681
jtpio,jupyterlab/jupyter-builder,jupyterlab/jupyter-builder,official_jupyter,included,recent_pr_activity,4,4,https://github.com/jupyterlab/jupyter-builder/pull/83;https://github.com/jupyterlab/jupyter-builder/pull/85;https://github.com/jupyterlab/jupyter-builder/pull/87;https://github.com/jupyterlab/jupyter-builder/pull/149
jtpio,jupyterlab/jupyter-collaboration,jupyterlab/jupyter-collaboration,official_jupyter,included,recent_pr_activity,10,8,https://github.com/jupyterlab/jupyter-collaboration/pull/570;https://github.com/jupyterlab/jupyter-collaboration/pull/572;https://github.com/jupyterlab/jupyter-collaboration/pull/574;https://github.com/jupyterlab/jupyter-collaboration/pull/575;https://github.com/jupyterlab/jupyter-collaboration/pull/576;https://github.com/jupyterlab/jupyter-collaboration/pull/579;https://github.com/jupyterlab/jupyter-collaboration/pull/586;https://github.com/jupyterlab/jupyter-collaboration/pull/600;https://github.com/jupyterlab/jupyter-collaboration/pull/608;https://github.com/jupyterlab/jupyter-collaboration/pull/609
jtpio,jupyterlab/jupyterlab,jupyterlab/jupyterlab,official_jupyter,included,recent_pr_activity,47,43,https://github.com/jupyterlab/jupyterlab/pull/18312;https://github.com/jupyterlab/jupyterlab/pull/18322;https://github.com/jupyterlab/jupyterlab/pull/18333;https://github.com/jupyterlab/jupyterlab/pull/18337;https://github.com/jupyterlab/jupyterlab/pull/18339;https://github.com/jupyterlab/jupyterlab/pull/18340;https://github.com/jupyterlab/jupyterlab/pull/18360;https://github.com/jupyterlab/jupyterlab/pull/18391;https://github.com/jupyterlab/jupyterlab/pull/18432;https://github.com/jupyterlab/jupyterlab/pull/18467;https://github.com/jupyterlab/jupyterlab/pull/18588;https://github.com/jupyterlab/jupyterlab/pull/18591;https://github.com/jupyterlab/jupyterlab/pull/18600;https://github.com/jupyterlab/jupyterlab/pull/18622;https://github.com/jupyterlab/jupyterlab/pull/18710;https://github.com/jupyterlab/jupyterlab/pull/18757;https://github.com/jupyterlab/jupyterlab/pull/18760;https://github.com/jupyterlab/jupyterlab/pull/18786;https://github.com/jupyterlab/jupyterlab/pull/18792;https://github.com/jupyterlab/jupyterlab/pull/18818;https://github.com/jupyterlab/jupyterlab/pull/18832;https://github.com/jupyterlab/jupyterlab/pull/18850;https://github.com/jupyterlab/jupyterlab/pull/18939;https://github.com/jupyterlab/jupyterlab/pull/18959;https://github.com/jupyterlab/jupyterlab/pull/18982;https://github.com/jupyterlab/jupyterlab/pull/19070;https://github.com/jupyterlab/jupyterlab/pull/19132;https://github.com/jupyterlab/jupyterlab/pull/19134;https://github.com/jupyterlab/jupyterlab/pull/19145;https://github.com/jupyterlab/jupyterlab/pull/19156;https://github.com/jupyterlab/jupyterlab/pull/19157;https://github.com/jupyterlab/jupyterlab/pull/19175;https://github.com/jupyterlab/jupyterlab/pull/19195;https://github.com/jupyterlab/jupyterlab/pull/19212;https://github.com/jupyterlab/jupyterlab/pull/19215;https://github.com/jupyterlab/jupyterlab/pull/19217;https://github.com/jupyterlab/jupyterlab/pull/19259;https://github.com/jupyterlab/jupyterlab/pull/19415;https://github.com/jupyterlab/jupyterlab/pull/19488;https://github.com/jupyterlab/jupyterlab/pull/19515;https://github.com/jupyterlab/jupyterlab/pull/19724;https://github.com/jupyterlab/jupyterlab/pull/19732;https://github.com/jupyterlab/jupyterlab/pull/19802;https://github.com/jupyterlab/jupyterlab/pull/19803;https://github.com/jupyterlab/jupyterlab/pull/19805;https://github.com/jupyterlab/jupyterlab/pull/19807;https://github.com/jupyterlab/jupyterlab/pull/19967
jtpio,jupyterlab/jupyterlab-git,jupyterlab/jupyterlab-git,official_jupyter,included,recent_pr_activity,24,22,https://github.com/jupyterlab/jupyterlab-git/pull/1455;https://github.com/jupyterlab/jupyterlab-git/pull/1461;https://github.com/jupyterlab/jupyterlab-git/pull/1462;https://github.com/jupyterlab/jupyterlab-git/pull/1463;https://github.com/jupyterlab/jupyterlab-git/pull/1465;https://github.com/jupyterlab/jupyterlab-git/pull/1466;https://github.com/jupyterlab/jupyterlab-git/pull/1474;https://github.com/jupyterlab/jupyterlab-git/pull/1480;https://github.com/jupyterlab/jupyterlab-git/pull/1484;https://github.com/jupyterlab/jupyterlab-git/pull/1486;https://github.com/jupyterlab/jupyterlab-git/pull/1487;https://github.com/jupyterlab/jupyterlab-git/pull/1496;https://github.com/jupyterlab/jupyterlab-git/pull/1500;https://github.com/jupyterlab/jupyterlab-git/pull/1510;https://github.com/jupyterlab/jupyterlab-git/pull/1511;https://github.com/jupyterlab/jupyterlab-git/pull/1515;https://github.com/jupyterlab/jupyterlab-git/pull/1516;https://github.com/jupyterlab/jupyterlab-git/pull/1517;https://github.com/jupyterlab/jupyterlab-git/pull/1537;https://github.com/jupyterlab/jupyterlab-git/pull/1538;https://github.com/jupyterlab/jupyterlab-git/pull/1539;https://github.com/jupyterlab/jupyterlab-git/pull/1544;https://github.com/jupyterlab/jupyterlab-git/pull/1545;https://github.com/jupyterlab/jupyterlab-git/pull/1546
jtpio,jupyterlab/lumino,jupyterlab/lumino,official_jupyter,included,recent_pr_activity,4,4,https://github.com/jupyterlab/lumino/pull/827;https://github.com/jupyterlab/lumino/pull/828;https://github.com/jupyterlab/lumino/pull/836;https://github.com/jupyterlab/lumino/pull/851
jtpio,jupyterlite/ai,jupyterlite/ai,official_jupyter,included,recent_pr_activity,36,31,https://github.com/jupyterlite/ai/pull/247;https://github.com/jupyterlite/ai/pull/248;https://github.com/jupyterlite/ai/pull/249;https://github.com/jupyterlite/ai/pull/251;https://github.com/jupyterlite/ai/pull/255;https://github.com/jupyterlite/ai/pull/256;https://github.com/jupyterlite/ai/pull/257;https://github.com/jupyterlite/ai/pull/259;https://github.com/jupyterlite/ai/pull/261;https://github.com/jupyterlite/ai/pull/262;https://github.com/jupyterlite/ai/pull/263;https://github.com/jupyterlite/ai/pull/265;https://github.com/jupyterlite/ai/pull/269;https://github.com/jupyterlite/ai/pull/272;https://github.com/jupyterlite/ai/pull/275;https://github.com/jupyterlite/ai/pull/281;https://github.com/jupyterlite/ai/pull/282;https://github.com/jupyterlite/ai/pull/286;https://github.com/jupyterlite/ai/pull/287;https://github.com/jupyterlite/ai/pull/293;https://github.com/jupyterlite/ai/pull/294;https://github.com/jupyterlite/ai/pull/301;https://github.com/jupyterlite/ai/pull/318;https://github.com/jupyterlite/ai/pull/344;https://github.com/jupyterlite/ai/pull/345;https://github.com/jupyterlite/ai/pull/346;https://github.com/jupyterlite/ai/pull/357;https://github.com/jupyterlite/ai/pull/358;https://github.com/jupyterlite/ai/pull/370;https://github.com/jupyterlite/ai/pull/371;https://github.com/jupyterlite/ai/pull/372;https://github.com/jupyterlite/ai/pull/373;https://github.com/jupyterlite/ai/pull/376;https://github.com/jupyterlite/ai/pull/379;https://github.com/jupyterlite/ai/pull/389;https://github.com/jupyterlite/ai/pull/390
jtpio,jupyterlite/javascript-kernel,jupyterlite/javascript-kernel,official_jupyter,included,recent_pr_activity,7,7,https://github.com/jupyterlite/javascript-kernel/pull/21;https://github.com/jupyterlite/javascript-kernel/pull/22;https://github.com/jupyterlite/javascript-kernel/pull/23;https://github.com/jupyterlite/javascript-kernel/pull/24;https://github.com/jupyterlite/javascript-kernel/pull/26;https://github.com/jupyterlite/javascript-kernel/pull/27;https://github.com/jupyterlite/javascript-kernel/pull/30
jtpio,jupyterlite/jupyterlite,jupyterlite/jupyterlite,official_jupyter,included,recent_pr_activity,72,66,https://github.com/jupyterlite/jupyterlite/pull/1835;https://github.com/jupyterlite/jupyterlite/pull/1839;https://github.com/jupyterlite/jupyterlite/pull/1840;https://github.com/jupyterlite/jupyterlite/pull/1841;https://github.com/jupyterlite/jupyterlite/pull/1842;https://github.com/jupyterlite/jupyterlite/pull/1843;https://github.com/jupyterlite/jupyterlite/pull/1845;https://github.com/jupyterlite/jupyterlite/pull/1846;https://github.com/jupyterlite/jupyterlite/pull/1847;https://github.com/jupyterlite/jupyterlite/pull/1851;https://github.com/jupyterlite/jupyterlite/pull/1858;https://github.com/jupyterlite/jupyterlite/pull/1868;https://github.com/jupyterlite/jupyterlite/pull/1869;https://github.com/jupyterlite/jupyterlite/pull/1871;https://github.com/jupyterlite/jupyterlite/pull/1872;https://github.com/jupyterlite/jupyterlite/pull/1873;https://github.com/jupyterlite/jupyterlite/pull/1877;https://github.com/jupyterlite/jupyterlite/pull/1880;https://github.com/jupyterlite/jupyterlite/pull/1881;https://github.com/jupyterlite/jupyterlite/pull/1882;https://github.com/jupyterlite/jupyterlite/pull/1884;https://github.com/jupyterlite/jupyterlite/pull/1889;https://github.com/jupyterlite/jupyterlite/pull/1891;https://github.com/jupyterlite/jupyterlite/pull/1896;https://github.com/jupyterlite/jupyterlite/pull/1901;https://github.com/jupyterlite/jupyterlite/pull/1903;https://github.com/jupyterlite/jupyterlite/pull/1905;https://github.com/jupyterlite/jupyterlite/pull/1909;https://github.com/jupyterlite/jupyterlite/pull/1919;https://github.com/jupyterlite/jupyterlite/pull/1932;https://github.com/jupyterlite/jupyterlite/pull/1935;https://github.com/jupyterlite/jupyterlite/pull/1936;https://github.com/jupyterlite/jupyterlite/pull/1954;https://github.com/jupyterlite/jupyterlite/pull/1964;https://github.com/jupyterlite/jupyterlite/pull/1965;https://github.com/jupyterlite/jupyterlite/pull/1971;https://github.com/jupyterlite/jupyterlite/pull/1972;https://github.com/jupyterlite/jupyterlite/pull/1981;https://github.com/jupyterlite/jupyterlite/pull/1982;https://github.com/jupyterlite/jupyterlite/pull/1985;https://github.com/jupyterlite/jupyterlite/pull/1987;https://github.com/jupyterlite/jupyterlite/pull/1993;https://github.com/jupyterlite/jupyterlite/pull/1995;https://github.com/jupyterlite/jupyterlite/pull/1996;https://github.com/jupyterlite/jupyterlite/pull/1998;https://github.com/jupyterlite/jupyterlite/pull/1999;https://github.com/jupyterlite/jupyterlite/pull/2000;https://github.com/jupyterlite/jupyterlite/pull/2005;https://github.com/jupyterlite/jupyterlite/pull/2022;https://github.com/jupyterlite/jupyterlite/pull/2023;https://github.com/jupyterlite/jupyterlite/pull/2024;https://github.com/jupyterlite/jupyterlite/pull/2030;https://github.com/jupyterlite/jupyterlite/pull/2031;https://github.com/jupyterlite/jupyterlite/pull/2033;https://github.com/jupyterlite/jupyterlite/pull/2048;https://github.com/jupyterlite/jupyterlite/pull/2050;https://github.com/jupyterlite/jupyterlite/pull/2051;https://github.com/jupyterlite/jupyterlite/pull/2053;https://github.com/jupyterlite/jupyterlite/pull/2054;https://github.com/jupyterlite/jupyterlite/pull/2055;https://github.com/jupyterlite/jupyterlite/pull/2056;https://github.com/jupyterlite/jupyterlite/pull/2057;https://github.com/jupyterlite/jupyterlite/pull/2058;https://github.com/jupyterlite/jupyterlite/pull/2059;https://github.com/jupyterlite/jupyterlite/pull/2060;https://github.com/jupyterlite/jupyterlite/pull/2061;https://github.com/jupyterlite/jupyterlite/pull/2063;https://github.com/jupyterlite/jupyterlite/pull/2064;https://github.com/jupyterlite/jupyterlite/pull/2067;https://github.com/jupyterlite/jupyterlite/pull/2068;https://github.com/jupyterlite/jupyterlite/pull/2069;https://github.com/jupyterlite/jupyterlite/pull/2077
jtpio,jupyterlite/p5-kernel,jupyterlite/p5-kernel,official_jupyter,included,recent_pr_activity,4,4,https://github.com/jupyterlite/p5-kernel/pull/28;https://github.com/jupyterlite/p5-kernel/pull/29;https://github.com/jupyterlite/p5-kernel/pull/30;https://github.com/jupyterlite/p5-kernel/pull/31
jtpio,jupyterlite/pyodide-kernel,jupyterlite/pyodide-kernel,official_jupyter,included,recent_pr_activity,9,9,https://github.com/jupyterlite/pyodide-kernel/pull/257;https://github.com/jupyterlite/pyodide-kernel/pull/268;https://github.com/jupyterlite/pyodide-kernel/pull/297;https://github.com/jupyterlite/pyodide-kernel/pull/306;https://github.com/jupyterlite/pyodide-kernel/pull/307;https://github.com/jupyterlite/pyodide-kernel/pull/308;https://github.com/jupyterlite/pyodide-kernel/pull/326;https://github.com/jupyterlite/pyodide-kernel/pull/333;https://github.com/jupyterlite/pyodide-kernel/pull/342
jtpio,jupyterlite/terminal,jupyterlite/terminal,official_jupyter,included,recent_pr_activity,3,3,https://github.com/jupyterlite/terminal/pull/110;https://github.com/jupyterlite/terminal/pull/111;https://github.com/jupyterlite/terminal/pull/113
jtpio,jupyterlite/xeus,jupyterlite/xeus,official_jupyter,included,recent_pr_activity,3,3,https://github.com/jupyterlite/xeus/pull/360;https://github.com/jupyterlite/xeus/pull/361;https://github.com/jupyterlite/xeus/pull/362
krassowski,deshaw/jupyterlab-notify,deshaw/jupyterlab-notify,adjacent_jupyter,included,recent_pr_activity,6,6,https://github.com/deshaw/jupyterlab-notify/pull/19;https://github.com/deshaw/jupyterlab-notify/pull/20;https://github.com/deshaw/jupyterlab-notify/pull/22;https://github.com/deshaw/jupyterlab-notify/pull/29;https://github.com/deshaw/jupyterlab-notify/pull/39;https://github.com/deshaw/jupyterlab-notify/pull/40
krassowski,Pyflyby,deshaw/pyflyby,non_jupyter,included,recent_pr_activity,5,4,https://github.com/deshaw/pyflyby/pull/545;https://github.com/deshaw/pyflyby/pull/554;https://github.com/deshaw/pyflyby/pull/555;https://github.com/deshaw/pyflyby/pull/599;https://github.com/deshaw/pyflyby/pull/607
krassowski,executablebooks/github-activity,executablebooks/github-activity,adjacent_jupyter,included,recent_pr_activity,3,3,https://github.com/executablebooks/github-activity/pull/172;https://github.com/executablebooks/github-activity/pull/174;https://github.com/executablebooks/github-activity/pull/175
krassowski,ipython/ipykernel,ipython/ipykernel,official_jupyter,included,recent_pr_activity,7,6,https://github.com/ipython/ipykernel/pull/1515;https://github.com/ipython/ipykernel/pull/1516;https://github.com/ipython/ipykernel/pull/1517;https://github.com/ipython/ipykernel/pull/1519;https://github.com/ipython/ipykernel/pull/1521;https://github.com/ipython/ipykernel/pull/1528;https://github.com/ipython/ipykernel/pull/1558
krassowski,ipython/ipython,ipython/ipython,official_jupyter,included,recent_pr_activity,4,2,https://github.com/ipython/ipython/pull/15203;https://github.com/ipython/ipython/pull/15339;https://github.com/ipython/ipython/pull/15395;https://github.com/ipython/ipython/pull/15397
krassowski,Jupyter AI Contrib,jupyter-ai-contrib/jupyter-ai-claude-code,adjacent_jupyter,included,recent_pr_activity,3,1,https://github.com/jupyter-ai-contrib/jupyter-ai-claude-code/pull/13;https://github.com/jupyter-ai-contrib/jupyter-ai-claude-code/pull/14;https://github.com/jupyter-ai-contrib/jupyter-ai-claude-code/pull/15
krassowski,Jupyter AI Contrib,jupyter-ai-contrib/jupyterlab-diff,adjacent_jupyter,included,recent_pr_activity,3,2,https://github.com/jupyter-ai-contrib/jupyterlab-diff/pull/46;https://github.com/jupyter-ai-contrib/jupyterlab-diff/pull/47;https://github.com/jupyter-ai-contrib/jupyterlab-diff/pull/96
krassowski,jupyter-governance/funding-proposals,jupyter-governance/funding-proposals,official_jupyter,included,recent_pr_activity,6,6,https://github.com/jupyter-governance/funding-proposals/pull/23;https://github.com/jupyter-governance/funding-proposals/pull/24;https://github.com/jupyter-governance/funding-proposals/pull/30;https://github.com/jupyter-governance/funding-proposals/pull/34;https://github.com/jupyter-governance/funding-proposals/pull/78;https://github.com/jupyter-governance/funding-proposals/pull/79
krassowski,Jupyter LSP,jupyter-lsp/jupyterlab-lsp,adjacent_jupyter,included,recent_pr_activity,3,3,https://github.com/jupyter-lsp/jupyterlab-lsp/pull/1163;https://github.com/jupyter-lsp/jupyterlab-lsp/pull/1176;https://github.com/jupyter-lsp/jupyterlab-lsp/pull/1177
krassowski,jupyter-server/gateway_provisioners,jupyter-server/gateway_provisioners,official_jupyter,included,recent_pr_activity,3,3,https://github.com/jupyter-server/gateway_provisioners/pull/147;https://github.com/jupyter-server/gateway_provisioners/pull/149;https://github.com/jupyter-server/gateway_provisioners/pull/150
krassowski,jupyter-server/jupyter_server,jupyter-server/jupyter_server,official_jupyter,included,recent_pr_activity,14,14,https://github.com/jupyter-server/jupyter_server/pull/1597;https://github.com/jupyter-server/jupyter_server/pull/1614;https://github.com/jupyter-server/jupyter_server/pull/1632;https://github.com/jupyter-server/jupyter_server/pull/1638;https://github.com/jupyter-server/jupyter_server/pull/1640;https://github.com/jupyter-server/jupyter_server/pull/1644;https://github.com/jupyter-server/jupyter_server/pull/1646;https://github.com/jupyter-server/jupyter_server/pull/1656;https://github.com/jupyter-server/jupyter_server/pull/1658;https://github.com/jupyter-server/jupyter_server/pull/1660;https://github.com/jupyter-server/jupyter_server/pull/1662;https://github.com/jupyter-server/jupyter_server/pull/1664;https://github.com/jupyter-server/jupyter_server/pull/1703;https://github.com/jupyter-server/jupyter_server/pull/1704
krassowski,jupyter-server/jupyter_ydoc,jupyter-server/jupyter_ydoc,official_jupyter,included,recent_pr_activity,3,3,https://github.com/jupyter-server/jupyter_ydoc/pull/382;https://github.com/jupyter-server/jupyter_ydoc/pull/386;https://github.com/jupyter-server/jupyter_ydoc/pull/403
krassowski,jupyter/enhancement-proposals,jupyter/enhancement-proposals,official_jupyter,included,recent_pr_activity,4,3,https://github.com/jupyter/enhancement-proposals/pull/141;https://github.com/jupyter/enhancement-proposals/pull/145;https://github.com/jupyter/enhancement-proposals/pull/153;https://github.com/jupyter/enhancement-proposals/pull/154
krassowski,jupyter/jupyter.github.io,jupyter/jupyter.github.io,official_jupyter,included,recent_pr_activity,4,3,https://github.com/jupyter/jupyter.github.io/pull/851;https://github.com/jupyter/jupyter.github.io/pull/853;https://github.com/jupyter/jupyter.github.io/pull/890;https://github.com/jupyter/jupyter.github.io/pull/893
krassowski,jupyter/jupyter_client,jupyter/jupyter_client,official_jupyter,included,recent_pr_activity,9,8,https://github.com/jupyter/jupyter_client/pull/1110;https://github.com/jupyter/jupyter_client/pull/1112;https://github.com/jupyter/jupyter_client/pull/1118;https://github.com/jupyter/jupyter_client/pull/1119;https://github.com/jupyter/jupyter_client/pull/1120;https://github.com/jupyter/jupyter_client/pull/1124;https://github.com/jupyter/jupyter_client/pull/1126;https://github.com/jupyter/jupyter_client/pull/1127;https://github.com/jupyter/jupyter_client/pull/1142
krassowski,JupyterLab Contrib,jupyterlab-contrib/jupyterlab-favorites,adjacent_jupyter,included,recent_pr_activity,4,4,https://github.com/jupyterlab-contrib/jupyterlab-favorites/pull/44;https://github.com/jupyterlab-contrib/jupyterlab-favorites/pull/45;https://github.com/jupyterlab-contrib/jupyterlab-favorites/pull/46;https://github.com/jupyterlab-contrib/jupyterlab-favorites/pull/47
krassowski,JupyterLab Contrib,jupyterlab-contrib/jupyterlab_code_formatter,adjacent_jupyter,included,recent_pr_activity,9,9,https://github.com/jupyterlab-contrib/jupyterlab_code_formatter/pull/374;https://github.com/jupyterlab-contrib/jupyterlab_code_formatter/pull/377;https://github.com/jupyterlab-contrib/jupyterlab_code_formatter/pull/405;https://github.com/jupyterlab-contrib/jupyterlab_code_formatter/pull/408;https://github.com/jupyterlab-contrib/jupyterlab_code_formatter/pull/409;https://github.com/jupyterlab-contrib/jupyterlab_code_formatter/pull/410;https://github.com/jupyterlab-contrib/jupyterlab_code_formatter/pull/411;https://github.com/jupyterlab-contrib/jupyterlab_code_formatter/pull/412;https://github.com/jupyterlab-contrib/jupyterlab_code_formatter/pull/414
krassowski,JupyterLab Contrib,jupyterlab-contrib/spellchecker,adjacent_jupyter,included,recent_pr_activity,5,5,https://github.com/jupyterlab-contrib/spellchecker/pull/146;https://github.com/jupyterlab-contrib/spellchecker/pull/150;https://github.com/jupyterlab-contrib/spellchecker/pull/152;https://github.com/jupyterlab-contrib/spellchecker/pull/153;https://github.com/jupyterlab-contrib/spellchecker/pull/154
krassowski,jupyterlab/eslint-plugin,jupyterlab/eslint-plugin,official_jupyter,included,recent_pr_activity,12,12,https://github.com/jupyterlab/eslint-plugin/pull/19;https://github.com/jupyterlab/eslint-plugin/pull/70;https://github.com/jupyterlab/eslint-plugin/pull/89;https://github.com/jupyterlab/eslint-plugin/pull/93;https://github.com/jupyterlab/eslint-plugin/pull/95;https://github.com/jupyterlab/eslint-plugin/pull/97;https://github.com/jupyterlab/eslint-plugin/pull/98;https://github.com/jupyterlab/eslint-plugin/pull/104;https://github.com/jupyterlab/eslint-plugin/pull/108;https://github.com/jupyterlab/eslint-plugin/pull/118;https://github.com/jupyterlab/eslint-plugin/pull/122;https://github.com/jupyterlab/eslint-plugin/pull/123
krassowski,jupyterlab/extension-template,jupyterlab/extension-template,official_jupyter,included,recent_pr_activity,4,4,https://github.com/jupyterlab/extension-template/pull/139;https://github.com/jupyterlab/extension-template/pull/148;https://github.com/jupyterlab/extension-template/pull/153;https://github.com/jupyterlab/extension-template/pull/154
krassowski,jupyterlab/jupyter-builder,jupyterlab/jupyter-builder,official_jupyter,included,recent_pr_activity,8,7,https://github.com/jupyterlab/jupyter-builder/pull/56;https://github.com/jupyterlab/jupyter-builder/pull/62;https://github.com/jupyterlab/jupyter-builder/pull/63;https://github.com/jupyterlab/jupyter-builder/pull/75;https://github.com/jupyterlab/jupyter-builder/pull/97;https://github.com/jupyterlab/jupyter-builder/pull/155;https://github.com/jupyterlab/jupyter-builder/pull/164;https://github.com/jupyterlab/jupyter-builder/pull/179
krassowski,jupyterlab/jupyter-collaboration,jupyterlab/jupyter-collaboration,official_jupyter,included,recent_pr_activity,20,15,https://github.com/jupyterlab/jupyter-collaboration/pull/533;https://github.com/jupyterlab/jupyter-collaboration/pull/534;https://github.com/jupyterlab/jupyter-collaboration/pull/539;https://github.com/jupyterlab/jupyter-collaboration/pull/550;https://github.com/jupyterlab/jupyter-collaboration/pull/551;https://github.com/jupyterlab/jupyter-collaboration/pull/560;https://github.com/jupyterlab/jupyter-collaboration/pull/565;https://github.com/jupyterlab/jupyter-collaboration/pull/571;https://github.com/jupyterlab/jupyter-collaboration/pull/580;https://github.com/jupyterlab/jupyter-collaboration/pull/581;https://github.com/jupyterlab/jupyter-collaboration/pull/584;https://github.com/jupyterlab/jupyter-collaboration/pull/589;https://github.com/jupyterlab/jupyter-collaboration/pull/592;https://github.com/jupyterlab/jupyter-collaboration/pull/595;https://github.com/jupyterlab/jupyter-collaboration/pull/598;https://github.com/jupyterlab/jupyter-collaboration/pull/610;https://github.com/jupyterlab/jupyter-collaboration/pull/611;https://github.com/jupyterlab/jupyter-collaboration/pull/613;https://github.com/jupyterlab/jupyter-collaboration/pull/614;https://github.com/jupyterlab/jupyter-collaboration/pull/624
krassowski,jupyterlab/jupyterlab,jupyterlab/jupyterlab,official_jupyter,included,recent_pr_activity,152,136,https://github.com/jupyterlab/jupyterlab/pull/18344;https://github.com/jupyterlab/jupyterlab/pull/18349;https://github.com/jupyterlab/jupyterlab/pull/18351;https://github.com/jupyterlab/jupyterlab/pull/18359;https://github.com/jupyterlab/jupyterlab/pull/18366;https://github.com/jupyterlab/jupyterlab/pull/18409;https://github.com/jupyterlab/jupyterlab/pull/18427;https://github.com/jupyterlab/jupyterlab/pull/18435;https://github.com/jupyterlab/jupyterlab/pull/18439;https://github.com/jupyterlab/jupyterlab/pull/18442;https://github.com/jupyterlab/jupyterlab/pull/18452;https://github.com/jupyterlab/jupyterlab/pull/18453;https://github.com/jupyterlab/jupyterlab/pull/18454;https://github.com/jupyterlab/jupyterlab/pull/18466;https://github.com/jupyterlab/jupyterlab/pull/18475;https://github.com/jupyterlab/jupyterlab/pull/18479;https://github.com/jupyterlab/jupyterlab/pull/18481;https://github.com/jupyterlab/jupyterlab/pull/18483;https://github.com/jupyterlab/jupyterlab/pull/18492;https://github.com/jupyterlab/jupyterlab/pull/18494;https://github.com/jupyterlab/jupyterlab/pull/18495;https://github.com/jupyterlab/jupyterlab/pull/18496;https://github.com/jupyterlab/jupyterlab/pull/18500;https://github.com/jupyterlab/jupyterlab/pull/18506;https://github.com/jupyterlab/jupyterlab/pull/18507;https://github.com/jupyterlab/jupyterlab/pull/18521;https://github.com/jupyterlab/jupyterlab/pull/18522;https://github.com/jupyterlab/jupyterlab/pull/18531;https://github.com/jupyterlab/jupyterlab/pull/18534;https://github.com/jupyterlab/jupyterlab/pull/18535;https://github.com/jupyterlab/jupyterlab/pull/18541;https://github.com/jupyterlab/jupyterlab/pull/18542;https://github.com/jupyterlab/jupyterlab/pull/18544;https://github.com/jupyterlab/jupyterlab/pull/18545;https://github.com/jupyterlab/jupyterlab/pull/18547;https://github.com/jupyterlab/jupyterlab/pull/18549;https://github.com/jupyterlab/jupyterlab/pull/18550;https://github.com/jupyterlab/jupyterlab/pull/18559;https://github.com/jupyterlab/jupyterlab/pull/18564;https://github.com/jupyterlab/jupyterlab/pull/18567;https://github.com/jupyterlab/jupyterlab/pull/18568;https://github.com/jupyterlab/jupyterlab/pull/18593;https://github.com/jupyterlab/jupyterlab/pull/18606;https://github.com/jupyterlab/jupyterlab/pull/18621;https://github.com/jupyterlab/jupyterlab/pull/18628;https://github.com/jupyterlab/jupyterlab/pull/18629;https://github.com/jupyterlab/jupyterlab/pull/18630;https://github.com/jupyterlab/jupyterlab/pull/18658;https://github.com/jupyterlab/jupyterlab/pull/18675;https://github.com/jupyterlab/jupyterlab/pull/18680;https://github.com/jupyterlab/jupyterlab/pull/18688;https://github.com/jupyterlab/jupyterlab/pull/18708;https://github.com/jupyterlab/jupyterlab/pull/18711;https://github.com/jupyterlab/jupyterlab/pull/18734;https://github.com/jupyterlab/jupyterlab/pull/18740;https://github.com/jupyterlab/jupyterlab/pull/18742;https://github.com/jupyterlab/jupyterlab/pull/18772;https://github.com/jupyterlab/jupyterlab/pull/18776;https://github.com/jupyterlab/jupyterlab/pull/18788;https://github.com/jupyterlab/jupyterlab/pull/18798;https://github.com/jupyterlab/jupyterlab/pull/18800;https://github.com/jupyterlab/jupyterlab/pull/18801;https://github.com/jupyterlab/jupyterlab/pull/18802;https://github.com/jupyterlab/jupyterlab/pull/18817;https://github.com/jupyterlab/jupyterlab/pull/18819;https://github.com/jupyterlab/jupyterlab/pull/18828;https://github.com/jupyterlab/jupyterlab/pull/18838;https://github.com/jupyterlab/jupyterlab/pull/18842;https://github.com/jupyterlab/jupyterlab/pull/18844;https://github.com/jupyterlab/jupyterlab/pull/18873;https://github.com/jupyterlab/jupyterlab/pull/18874;https://github.com/jupyterlab/jupyterlab/pull/18877;https://github.com/jupyterlab/jupyterlab/pull/18879;https://github.com/jupyterlab/jupyterlab/pull/18882;https://github.com/jupyterlab/jupyterlab/pull/18885;https://github.com/jupyterlab/jupyterlab/pull/18886;https://github.com/jupyterlab/jupyterlab/pull/18890;https://github.com/jupyterlab/jupyterlab/pull/18891;https://github.com/jupyterlab/jupyterlab/pull/18896;https://github.com/jupyterlab/jupyterlab/pull/18898;https://github.com/jupyterlab/jupyterlab/pull/18899;https://github.com/jupyterlab/jupyterlab/pull/18901;https://github.com/jupyterlab/jupyterlab/pull/18907;https://github.com/jupyterlab/jupyterlab/pull/18908;https://github.com/jupyterlab/jupyterlab/pull/18910;https://github.com/jupyterlab/jupyterlab/pull/18912;https://github.com/jupyterlab/jupyterlab/pull/18922;https://github.com/jupyterlab/jupyterlab/pull/18924;https://github.com/jupyterlab/jupyterlab/pull/18927;https://github.com/jupyterlab/jupyterlab/pull/18932;https://github.com/jupyterlab/jupyterlab/pull/18940;https://github.com/jupyterlab/jupyterlab/pull/18941;https://github.com/jupyterlab/jupyterlab/pull/18942;https://github.com/jupyterlab/jupyterlab/pull/18946;https://github.com/jupyterlab/jupyterlab/pull/18947;https://github.com/jupyterlab/jupyterlab/pull/18948;https://github.com/jupyterlab/jupyterlab/pull/18954;https://github.com/jupyterlab/jupyterlab/pull/18961;https://github.com/jupyterlab/jupyterlab/pull/18973;https://github.com/jupyterlab/jupyterlab/pull/19004;https://github.com/jupyterlab/jupyterlab/pull/19019;https://github.com/jupyterlab/jupyterlab/pull/19020;https://github.com/jupyterlab/jupyterlab/pull/19034;https://github.com/jupyterlab/jupyterlab/pull/19039;https://github.com/jupyterlab/jupyterlab/pull/19043;https://github.com/jupyterlab/jupyterlab/pull/19048;https://github.com/jupyterlab/jupyterlab/pull/19055;https://github.com/jupyterlab/jupyterlab/pull/19060;https://github.com/jupyterlab/jupyterlab/pull/19061;https://github.com/jupyterlab/jupyterlab/pull/19075;https://github.com/jupyterlab/jupyterlab/pull/19088;https://github.com/jupyterlab/jupyterlab/pull/19091;https://github.com/jupyterlab/jupyterlab/pull/19092;https://github.com/jupyterlab/jupyterlab/pull/19108;https://github.com/jupyterlab/jupyterlab/pull/19112;https://github.com/jupyterlab/jupyterlab/pull/19116;https://github.com/jupyterlab/jupyterlab/pull/19177;https://github.com/jupyterlab/jupyterlab/pull/19184;https://github.com/jupyterlab/jupyterlab/pull/19185;https://github.com/jupyterlab/jupyterlab/pull/19186;https://github.com/jupyterlab/jupyterlab/pull/19193;https://github.com/jupyterlab/jupyterlab/pull/19204;https://github.com/jupyterlab/jupyterlab/pull/19223;https://github.com/jupyterlab/jupyterlab/pull/19234;https://github.com/jupyterlab/jupyterlab/pull/19253;https://github.com/jupyterlab/jupyterlab/pull/19290;https://github.com/jupyterlab/jupyterlab/pull/19307;https://github.com/jupyterlab/jupyterlab/pull/19315;https://github.com/jupyterlab/jupyterlab/pull/19318;https://github.com/jupyterlab/jupyterlab/pull/19370;https://github.com/jupyterlab/jupyterlab/pull/19607;https://github.com/jupyterlab/jupyterlab/pull/19614;https://github.com/jupyterlab/jupyterlab/pull/19620;https://github.com/jupyterlab/jupyterlab/pull/19672;https://github.com/jupyterlab/jupyterlab/pull/19716;https://github.com/jupyterlab/jupyterlab/pull/19725;https://github.com/jupyterlab/jupyterlab/pull/19726;https://github.com/jupyterlab/jupyterlab/pull/19734;https://github.com/jupyterlab/jupyterlab/pull/19735;https://github.com/jupyterlab/jupyterlab/pull/19765;https://github.com/jupyterlab/jupyterlab/pull/19770;https://github.com/jupyterlab/jupyterlab/pull/19777;https://github.com/jupyterlab/jupyterlab/pull/19788;https://github.com/jupyterlab/jupyterlab/pull/19790;https://github.com/jupyterlab/jupyterlab/pull/19792;https://github.com/jupyterlab/jupyterlab/pull/19793;https://github.com/jupyterlab/jupyterlab/pull/19794;https://github.com/jupyterlab/jupyterlab/pull/19810;https://github.com/jupyterlab/jupyterlab/pull/19888;https://github.com/jupyterlab/jupyterlab/pull/19934;https://github.com/jupyterlab/jupyterlab/pull/19941;https://github.com/jupyterlab/jupyterlab/pull/19946
krassowski,jupyterlab/jupyterlab-desktop,jupyterlab/jupyterlab-desktop,official_jupyter,included,recent_pr_activity,8,6,https://github.com/jupyterlab/jupyterlab-desktop/pull/963;https://github.com/jupyterlab/jupyterlab-desktop/pull/1064;https://github.com/jupyterlab/jupyterlab-desktop/pull/1065;https://github.com/jupyterlab/jupyterlab-desktop/pull/1066;https://github.com/jupyterlab/jupyterlab-desktop/pull/1067;https://github.com/jupyterlab/jupyterlab-desktop/pull/1069;https://github.com/jupyterlab/jupyterlab-desktop/pull/1070;https://github.com/jupyterlab/jupyterlab-desktop/pull/1150
krassowski,jupyterlab/jupyterlab_server,jupyterlab/jupyterlab_server,official_jupyter,included,recent_pr_activity,4,2,https://github.com/jupyterlab/jupyterlab_server/pull/474;https://github.com/jupyterlab/jupyterlab_server/pull/478;https://github.com/jupyterlab/jupyterlab_server/pull/479;https://github.com/jupyterlab/jupyterlab_server/pull/481
krassowski,jupyterlab/lumino,jupyterlab/lumino,official_jupyter,included,recent_pr_activity,6,4,https://github.com/jupyterlab/lumino/pull/783;https://github.com/jupyterlab/lumino/pull/808;https://github.com/jupyterlab/lumino/pull/812;https://github.com/jupyterlab/lumino/pull/821;https://github.com/jupyterlab/lumino/pull/822;https://github.com/jupyterlab/lumino/pull/832
krassowski,jupyterlab/maintainer-tools,jupyterlab/maintainer-tools,official_jupyter,included,recent_pr_activity,13,12,https://github.com/jupyterlab/maintainer-tools/pull/270;https://github.com/jupyterlab/maintainer-tools/pull/279;https://github.com/jupyterlab/maintainer-tools/pull/280;https://github.com/jupyterlab/maintainer-tools/pull/282;https://github.com/jupyterlab/maintainer-tools/pull/284;https://github.com/jupyterlab/maintainer-tools/pull/285;https://github.com/jupyterlab/maintainer-tools/pull/287;https://github.com/jupyterlab/maintainer-tools/pull/288;https://github.com/jupyterlab/maintainer-tools/pull/294;https://github.com/jupyterlab/maintainer-tools/pull/295;https://github.com/jupyterlab/maintainer-tools/pull/302;https://github.com/jupyterlab/maintainer-tools/pull/306;https://github.com/jupyterlab/maintainer-tools/pull/309
krassowski,jupyterlab/plugin-playground,jupyterlab/plugin-playground,official_jupyter,included,recent_pr_activity,6,6,https://github.com/jupyterlab/plugin-playground/pull/75;https://github.com/jupyterlab/plugin-playground/pull/154;https://github.com/jupyterlab/plugin-playground/pull/156;https://github.com/jupyterlab/plugin-playground/pull/175;https://github.com/jupyterlab/plugin-playground/pull/220;https://github.com/jupyterlab/plugin-playground/pull/232
krassowski,Jupytext,jupytext/jupytext,adjacent_jupyter,included,recent_pr_activity,5,5,https://github.com/jupytext/jupytext/pull/1482;https://github.com/jupytext/jupytext/pull/1494;https://github.com/jupytext/jupytext/pull/1584;https://github.com/jupytext/jupytext/pull/1586;https://github.com/jupytext/jupytext/pull/1632
krassowski,krassowski/funding-proposals,krassowski/funding-proposals,non_jupyter,excluded_fork,recent_pr_activity,3,0,https://github.com/krassowski/funding-proposals/pull/1;https://github.com/krassowski/funding-proposals/pull/2;https://github.com/krassowski/funding-proposals/pull/3
krassowski,krassowski/jupyterlab,krassowski/jupyterlab,non_jupyter,excluded_fork,recent_pr_activity,13,4,https://github.com/krassowski/jupyterlab/pull/154;https://github.com/krassowski/jupyterlab/pull/156;https://github.com/krassowski/jupyterlab/pull/157;https://github.com/krassowski/jupyterlab/pull/158;https://github.com/krassowski/jupyterlab/pull/159;https://github.com/krassowski/jupyterlab/pull/160;https://github.com/krassowski/jupyterlab/pull/161;https://github.com/krassowski/jupyterlab/pull/162;https://github.com/krassowski/jupyterlab/pull/163;https://github.com/krassowski/jupyterlab/pull/168;https://github.com/krassowski/jupyterlab/pull/169;https://github.com/krassowski/jupyterlab/pull/195;https://github.com/krassowski/jupyterlab/pull/196
krassowski,krassowski/jupytext,krassowski/jupytext,non_jupyter,excluded_fork,recent_pr_activity,3,0,https://github.com/krassowski/jupytext/pull/1;https://github.com/krassowski/jupytext/pull/2;https://github.com/krassowski/jupytext/pull/3
krassowski,Nebari,nebari-dev/jupyterlab-launchpad,adjacent_jupyter,included,recent_pr_activity,8,7,https://github.com/nebari-dev/jupyterlab-launchpad/pull/76;https://github.com/nebari-dev/jupyterlab-launchpad/pull/77;https://github.com/nebari-dev/jupyterlab-launchpad/pull/79;https://github.com/nebari-dev/jupyterlab-launchpad/pull/82;https://github.com/nebari-dev/jupyterlab-launchpad/pull/83;https://github.com/nebari-dev/jupyterlab-launchpad/pull/89;https://github.com/nebari-dev/jupyterlab-launchpad/pull/94;https://github.com/nebari-dev/jupyterlab-launchpad/pull/101
krassowski,openteams-ai/engineering-blog-old,openteams-ai/engineering-blog-old,non_jupyter,excluded_ancillary,recent_pr_activity,6,4,https://github.com/openteams-ai/engineering-blog-old/pull/32;https://github.com/openteams-ai/engineering-blog-old/pull/76;https://github.com/openteams-ai/engineering-blog-old/pull/78;https://github.com/openteams-ai/engineering-blog-old/pull/79;https://github.com/openteams-ai/engineering-blog-old/pull/87;https://github.com/openteams-ai/engineering-blog-old/pull/89
krassowski,test-for-jupyter-PR-bot-testing/jupyterlab,test-for-jupyter-PR-bot-testing/jupyterlab,non_jupyter,excluded_fork,recent_pr_activity,3,1,https://github.com/test-for-jupyter-PR-bot-testing/jupyterlab/pull/3;https://github.com/test-for-jupyter-PR-bot-testing/jupyterlab/pull/4;https://github.com/test-for-jupyter-PR-bot-testing/jupyterlab/pull/5
marthacryan,marimo,marimo-team/marimo,non_jupyter,included,recent_pr_activity,7,7,https://github.com/marimo-team/marimo/pull/10907;https://github.com/marimo-team/marimo/pull/10911;https://github.com/marimo-team/marimo/pull/10971;https://github.com/marimo-team/marimo/pull/10974;https://github.com/marimo-team/marimo/pull/10988;https://github.com/marimo-team/marimo/pull/11044;https://github.com/marimo-team/marimo/pull/11045
marthacryan,Plotly.js,plotly/plotly.js,non_jupyter,included,recent_pr_activity,4,3,https://github.com/plotly/plotly.js/pull/7812;https://github.com/plotly/plotly.js/pull/7854;https://github.com/plotly/plotly.js/pull/7896;https://github.com/plotly/plotly.js/pull/7909
martinrenou,QuantStack/my-jupyter-shared-drive,QuantStack/my-jupyter-shared-drive,adjacent_jupyter,unclassified_license,recent_pr_activity,3,2,https://github.com/QuantStack/my-jupyter-shared-drive/pull/9;https://github.com/QuantStack/my-jupyter-shared-drive/pull/10;https://github.com/QuantStack/my-jupyter-shared-drive/pull/11
martinrenou,QuantStack/yjs-widgets,QuantStack/yjs-widgets,adjacent_jupyter,included,recent_pr_activity,3,3,https://github.com/QuantStack/yjs-widgets/pull/25;https://github.com/QuantStack/yjs-widgets/pull/26;https://github.com/QuantStack/yjs-widgets/pull/29
martinrenou,bqplot/bqplot,bqplot/bqplot,adjacent_jupyter,included,recent_pr_activity,4,4,https://github.com/bqplot/bqplot/pull/1689;https://github.com/bqplot/bqplot/pull/1690;https://github.com/bqplot/bqplot/pull/1703;https://github.com/bqplot/bqplot/pull/1704
martinrenou,conda-forge,conda-forge/admin-requests,non_jupyter,unclassified_license,recent_pr_activity,4,4,https://github.com/conda-forge/admin-requests/pull/1822;https://github.com/conda-forge/admin-requests/pull/2126;https://github.com/conda-forge/admin-requests/pull/2130;https://github.com/conda-forge/admin-requests/pull/2252
martinrenou,conda-forge,conda-forge/jupytergis-packages-feedstock,non_jupyter,included,recent_pr_activity,5,3,https://github.com/conda-forge/jupytergis-packages-feedstock/pull/63;https://github.com/conda-forge/jupytergis-packages-feedstock/pull/64;https://github.com/conda-forge/jupytergis-packages-feedstock/pull/70;https://github.com/conda-forge/jupytergis-packages-feedstock/pull/74;https://github.com/conda-forge/jupytergis-packages-feedstock/pull/75
martinrenou,conda-forge,conda-forge/staged-recipes,non_jupyter,included,recent_pr_activity,11,7,https://github.com/conda-forge/staged-recipes/pull/31856;https://github.com/conda-forge/staged-recipes/pull/32067;https://github.com/conda-forge/staged-recipes/pull/33603;https://github.com/conda-forge/staged-recipes/pull/33604;https://github.com/conda-forge/staged-recipes/pull/33606;https://github.com/conda-forge/staged-recipes/pull/33607;https://github.com/conda-forge/staged-recipes/pull/33743;https://github.com/conda-forge/staged-recipes/pull/34041;https://github.com/conda-forge/staged-recipes/pull/34043;https://github.com/conda-forge/staged-recipes/pull/34045;https://github.com/conda-forge/staged-recipes/pull/34046
martinrenou,davidbrochart/jupyter-webrtc-provider,davidbrochart/jupyter-webrtc-provider,adjacent_jupyter,included,recent_pr_activity,4,4,https://github.com/davidbrochart/jupyter-webrtc-provider/pull/8;https://github.com/davidbrochart/jupyter-webrtc-provider/pull/9;https://github.com/davidbrochart/jupyter-webrtc-provider/pull/10;https://github.com/davidbrochart/jupyter-webrtc-provider/pull/12
martinrenou,emscripten-forge,emscripten-forge/emscripten-forge-3x-mirror,non_jupyter,unclassified_license,recent_pr_activity,6,5,https://github.com/emscripten-forge/emscripten-forge-3x-mirror/pull/1;https://github.com/emscripten-forge/emscripten-forge-3x-mirror/pull/2;https://github.com/emscripten-forge/emscripten-forge-3x-mirror/pull/3;https://github.com/emscripten-forge/emscripten-forge-3x-mirror/pull/4;https://github.com/emscripten-forge/emscripten-forge-3x-mirror/pull/5;https://github.com/emscripten-forge/emscripten-forge-3x-mirror/pull/6
martinrenou,emscripten-forge,emscripten-forge/mambajs,non_jupyter,included,recent_pr_activity,20,18,https://github.com/emscripten-forge/mambajs/pull/189;https://github.com/emscripten-forge/mambajs/pull/190;https://github.com/emscripten-forge/mambajs/pull/192;https://github.com/emscripten-forge/mambajs/pull/193;https://github.com/emscripten-forge/mambajs/pull/195;https://github.com/emscripten-forge/mambajs/pull/196;https://github.com/emscripten-forge/mambajs/pull/197;https://github.com/emscripten-forge/mambajs/pull/200;https://github.com/emscripten-forge/mambajs/pull/201;https://github.com/emscripten-forge/mambajs/pull/202;https://github.com/emscripten-forge/mambajs/pull/203;https://github.com/emscripten-forge/mambajs/pull/206;https://github.com/emscripten-forge/mambajs/pull/212;https://github.com/emscripten-forge/mambajs/pull/213;https://github.com/emscripten-forge/mambajs/pull/214;https://github.com/emscripten-forge/mambajs/pull/221;https://github.com/emscripten-forge/mambajs/pull/222;https://github.com/emscripten-forge/mambajs/pull/223;https://github.com/emscripten-forge/mambajs/pull/225;https://github.com/emscripten-forge/mambajs/pull/226
martinrenou,emscripten-forge,emscripten-forge/pyjs,non_jupyter,included,recent_pr_activity,3,2,https://github.com/emscripten-forge/pyjs/pull/122;https://github.com/emscripten-forge/pyjs/pull/123;https://github.com/emscripten-forge/pyjs/pull/124
martinrenou,emscripten-forge,emscripten-forge/recipes,non_jupyter,included,recent_pr_activity,334,269,https://github.com/emscripten-forge/recipes/pull/4196;https://github.com/emscripten-forge/recipes/pull/4197;https://github.com/emscripten-forge/recipes/pull/4206;https://github.com/emscripten-forge/recipes/pull/4227;https://github.com/emscripten-forge/recipes/pull/4229;https://github.com/emscripten-forge/recipes/pull/4231;https://github.com/emscripten-forge/recipes/pull/4249;https://github.com/emscripten-forge/recipes/pull/4252;https://github.com/emscripten-forge/recipes/pull/4253;https://github.com/emscripten-forge/recipes/pull/4254;https://github.com/emscripten-forge/recipes/pull/4255;https://github.com/emscripten-forge/recipes/pull/4256;https://github.com/emscripten-forge/recipes/pull/4257;https://github.com/emscripten-forge/recipes/pull/4260;https://github.com/emscripten-forge/recipes/pull/4262;https://github.com/emscripten-forge/recipes/pull/4274;https://github.com/emscripten-forge/recipes/pull/4275;https://github.com/emscripten-forge/recipes/pull/4279;https://github.com/emscripten-forge/recipes/pull/4280;https://github.com/emscripten-forge/recipes/pull/4306;https://github.com/emscripten-forge/recipes/pull/4307;https://github.com/emscripten-forge/recipes/pull/4411;https://github.com/emscripten-forge/recipes/pull/4504;https://github.com/emscripten-forge/recipes/pull/4505;https://github.com/emscripten-forge/recipes/pull/4506;https://github.com/emscripten-forge/recipes/pull/4507;https://github.com/emscripten-forge/recipes/pull/4508;https://github.com/emscripten-forge/recipes/pull/4509;https://github.com/emscripten-forge/recipes/pull/4510;https://github.com/emscripten-forge/recipes/pull/4511;https://github.com/emscripten-forge/recipes/pull/4512;https://github.com/emscripten-forge/recipes/pull/4513;https://github.com/emscripten-forge/recipes/pull/4514;https://github.com/emscripten-forge/recipes/pull/4515;https://github.com/emscripten-forge/recipes/pull/4516;https://github.com/emscripten-forge/recipes/pull/4517;https://github.com/emscripten-forge/recipes/pull/4518;https://github.com/emscripten-forge/recipes/pull/4519;https://github.com/emscripten-forge/recipes/pull/4520;https://github.com/emscripten-forge/recipes/pull/4521;https://github.com/emscripten-forge/recipes/pull/4522;https://github.com/emscripten-forge/recipes/pull/4523;https://github.com/emscripten-forge/recipes/pull/4524;https://github.com/emscripten-forge/recipes/pull/4525;https://github.com/emscripten-forge/recipes/pull/4526;https://github.com/emscripten-forge/recipes/pull/4527;https://github.com/emscripten-forge/recipes/pull/4528;https://github.com/emscripten-forge/recipes/pull/4529;https://github.com/emscripten-forge/recipes/pull/4530;https://github.com/emscripten-forge/recipes/pull/4531;https://github.com/emscripten-forge/recipes/pull/4532;https://github.com/emscripten-forge/recipes/pull/4533;https://github.com/emscripten-forge/recipes/pull/4534;https://github.com/emscripten-forge/recipes/pull/4535;https://github.com/emscripten-forge/recipes/pull/4536;https://github.com/emscripten-forge/recipes/pull/4537;https://github.com/emscripten-forge/recipes/pull/4538;https://github.com/emscripten-forge/recipes/pull/4539;https://github.com/emscripten-forge/recipes/pull/4540;https://github.com/emscripten-forge/recipes/pull/4541;https://github.com/emscripten-forge/recipes/pull/4542;https://github.com/emscripten-forge/recipes/pull/4543;https://github.com/emscripten-forge/recipes/pull/4544;https://github.com/emscripten-forge/recipes/pull/4545;https://github.com/emscripten-forge/recipes/pull/4546;https://github.com/emscripten-forge/recipes/pull/4547;https://github.com/emscripten-forge/recipes/pull/4548;https://github.com/emscripten-forge/recipes/pull/4549;https://github.com/emscripten-forge/recipes/pull/4550;https://github.com/emscripten-forge/recipes/pull/4551;https://github.com/emscripten-forge/recipes/pull/4552;https://github.com/emscripten-forge/recipes/pull/4553;https://github.com/emscripten-forge/recipes/pull/4554;https://github.com/emscripten-forge/recipes/pull/4555;https://github.com/emscripten-forge/recipes/pull/4556;https://github.com/emscripten-forge/recipes/pull/4557;https://github.com/emscripten-forge/recipes/pull/4558;https://github.com/emscripten-forge/recipes/pull/4559;https://github.com/emscripten-forge/recipes/pull/4560;https://github.com/emscripten-forge/recipes/pull/4561;https://github.com/emscripten-forge/recipes/pull/4562;https://github.com/emscripten-forge/recipes/pull/4563;https://github.com/emscripten-forge/recipes/pull/4564;https://github.com/emscripten-forge/recipes/pull/4565;https://github.com/emscripten-forge/recipes/pull/4566;https://github.com/emscripten-forge/recipes/pull/4567;https://github.com/emscripten-forge/recipes/pull/4568;https://github.com/emscripten-forge/recipes/pull/4576;https://github.com/emscripten-forge/recipes/pull/4577;https://github.com/emscripten-forge/recipes/pull/4578;https://github.com/emscripten-forge/recipes/pull/4579;https://github.com/emscripten-forge/recipes/pull/4580;https://github.com/emscripten-forge/recipes/pull/4581;https://github.com/emscripten-forge/recipes/pull/4582;https://github.com/emscripten-forge/recipes/pull/4583;https://github.com/emscripten-forge/recipes/pull/4584;https://github.com/emscripten-forge/recipes/pull/4585;https://github.com/emscripten-forge/recipes/pull/4587;https://github.com/emscripten-forge/recipes/pull/4588;https://github.com/emscripten-forge/recipes/pull/4589;https://github.com/emscripten-forge/recipes/pull/4590;https://github.com/emscripten-forge/recipes/pull/4591;https://github.com/emscripten-forge/recipes/pull/4592;https://github.com/emscripten-forge/recipes/pull/4593;https://github.com/emscripten-forge/recipes/pull/4594;https://github.com/emscripten-forge/recipes/pull/4595;https://github.com/emscripten-forge/recipes/pull/4596;https://github.com/emscripten-forge/recipes/pull/4597;https://github.com/emscripten-forge/recipes/pull/4598;https://github.com/emscripten-forge/recipes/pull/4599;https://github.com/emscripten-forge/recipes/pull/4600;https://github.com/emscripten-forge/recipes/pull/4601;https://github.com/emscripten-forge/recipes/pull/4602;https://github.com/emscripten-forge/recipes/pull/4603;https://github.com/emscripten-forge/recipes/pull/4604;https://github.com/emscripten-forge/recipes/pull/4605;https://github.com/emscripten-forge/recipes/pull/4606;https://github.com/emscripten-forge/recipes/pull/4607;https://github.com/emscripten-forge/recipes/pull/4608;https://github.com/emscripten-forge/recipes/pull/4609;https://github.com/emscripten-forge/recipes/pull/4610;https://github.com/emscripten-forge/recipes/pull/4611;https://github.com/emscripten-forge/recipes/pull/4612;https://github.com/emscripten-forge/recipes/pull/4613;https://github.com/emscripten-forge/recipes/pull/4614;https://github.com/emscripten-forge/recipes/pull/4615;https://github.com/emscripten-forge/recipes/pull/4616;https://github.com/emscripten-forge/recipes/pull/4617;https://github.com/emscripten-forge/recipes/pull/4619;https://github.com/emscripten-forge/recipes/pull/4620;https://github.com/emscripten-forge/recipes/pull/4621;https://github.com/emscripten-forge/recipes/pull/4622;https://github.com/emscripten-forge/recipes/pull/4623;https://github.com/emscripten-forge/recipes/pull/4626;https://github.com/emscripten-forge/recipes/pull/4627;https://github.com/emscripten-forge/recipes/pull/4628;https://github.com/emscripten-forge/recipes/pull/4629;https://github.com/emscripten-forge/recipes/pull/4630;https://github.com/emscripten-forge/recipes/pull/4631;https://github.com/emscripten-forge/recipes/pull/4632;https://github.com/emscripten-forge/recipes/pull/4633;https://github.com/emscripten-forge/recipes/pull/4634;https://github.com/emscripten-forge/recipes/pull/4636;https://github.com/emscripten-forge/recipes/pull/4637;https://github.com/emscripten-forge/recipes/pull/4638;https://github.com/emscripten-forge/recipes/pull/4639;https://github.com/emscripten-forge/recipes/pull/4640;https://github.com/emscripten-forge/recipes/pull/4641;https://github.com/emscripten-forge/recipes/pull/4642;https://github.com/emscripten-forge/recipes/pull/4643;https://github.com/emscripten-forge/recipes/pull/4644;https://github.com/emscripten-forge/recipes/pull/4645;https://github.com/emscripten-forge/recipes/pull/4646;https://github.com/emscripten-forge/recipes/pull/4647;https://github.com/emscripten-forge/recipes/pull/4648;https://github.com/emscripten-forge/recipes/pull/4649;https://github.com/emscripten-forge/recipes/pull/4650;https://github.com/emscripten-forge/recipes/pull/4651;https://github.com/emscripten-forge/recipes/pull/4652;https://github.com/emscripten-forge/recipes/pull/4653;https://github.com/emscripten-forge/recipes/pull/4654;https://github.com/emscripten-forge/recipes/pull/4655;https://github.com/emscripten-forge/recipes/pull/4656;https://github.com/emscripten-forge/recipes/pull/4657;https://github.com/emscripten-forge/recipes/pull/4658;https://github.com/emscripten-forge/recipes/pull/4659;https://github.com/emscripten-forge/recipes/pull/4660;https://github.com/emscripten-forge/recipes/pull/4661;https://github.com/emscripten-forge/recipes/pull/4662;https://github.com/emscripten-forge/recipes/pull/4663;https://github.com/emscripten-forge/recipes/pull/4664;https://github.com/emscripten-forge/recipes/pull/4665;https://github.com/emscripten-forge/recipes/pull/4666;https://github.com/emscripten-forge/recipes/pull/4667;https://github.com/emscripten-forge/recipes/pull/4668;https://github.com/emscripten-forge/recipes/pull/4669;https://github.com/emscripten-forge/recipes/pull/4670;https://github.com/emscripten-forge/recipes/pull/4671;https://github.com/emscripten-forge/recipes/pull/4672;https://github.com/emscripten-forge/recipes/pull/4673;https://github.com/emscripten-forge/recipes/pull/4674;https://github.com/emscripten-forge/recipes/pull/4675;https://github.com/emscripten-forge/recipes/pull/4676;https://github.com/emscripten-forge/recipes/pull/4677;https://github.com/emscripten-forge/recipes/pull/4678;https://github.com/emscripten-forge/recipes/pull/4679;https://github.com/emscripten-forge/recipes/pull/4681;https://github.com/emscripten-forge/recipes/pull/4682;https://github.com/emscripten-forge/recipes/pull/4683;https://github.com/emscripten-forge/recipes/pull/4684;https://github.com/emscripten-forge/recipes/pull/4685;https://github.com/emscripten-forge/recipes/pull/4687;https://github.com/emscripten-forge/recipes/pull/4688;https://github.com/emscripten-forge/recipes/pull/4689;https://github.com/emscripten-forge/recipes/pull/4690;https://github.com/emscripten-forge/recipes/pull/4691;https://github.com/emscripten-forge/recipes/pull/4692;https://github.com/emscripten-forge/recipes/pull/4693;https://github.com/emscripten-forge/recipes/pull/4694;https://github.com/emscripten-forge/recipes/pull/4699;https://github.com/emscripten-forge/recipes/pull/4700;https://github.com/emscripten-forge/recipes/pull/4701;https://github.com/emscripten-forge/recipes/pull/4702;https://github.com/emscripten-forge/recipes/pull/4703;https://github.com/emscripten-forge/recipes/pull/4704;https://github.com/emscripten-forge/recipes/pull/4705;https://github.com/emscripten-forge/recipes/pull/4706;https://github.com/emscripten-forge/recipes/pull/4707;https://github.com/emscripten-forge/recipes/pull/4708;https://github.com/emscripten-forge/recipes/pull/4709;https://github.com/emscripten-forge/recipes/pull/4710;https://github.com/emscripten-forge/recipes/pull/4711;https://github.com/emscripten-forge/recipes/pull/4712;https://github.com/emscripten-forge/recipes/pull/4713;https://github.com/emscripten-forge/recipes/pull/4714;https://github.com/emscripten-forge/recipes/pull/4715;https://github.com/emscripten-forge/recipes/pull/4716;https://github.com/emscripten-forge/recipes/pull/4717;https://github.com/emscripten-forge/recipes/pull/4718;https://github.com/emscripten-forge/recipes/pull/4719;https://github.com/emscripten-forge/recipes/pull/4720;https://github.com/emscripten-forge/recipes/pull/4721;https://github.com/emscripten-forge/recipes/pull/4722;https://github.com/emscripten-forge/recipes/pull/4723;https://github.com/emscripten-forge/recipes/pull/4724;https://github.com/emscripten-forge/recipes/pull/4725;https://github.com/emscripten-forge/recipes/pull/4726;https://github.com/emscripten-forge/recipes/pull/4727;https://github.com/emscripten-forge/recipes/pull/4728;https://github.com/emscripten-forge/recipes/pull/4729;https://github.com/emscripten-forge/recipes/pull/4730;https://github.com/emscripten-forge/recipes/pull/4731;https://github.com/emscripten-forge/recipes/pull/4743;https://github.com/emscripten-forge/recipes/pull/4744;https://github.com/emscripten-forge/recipes/pull/4745;https://github.com/emscripten-forge/recipes/pull/4746;https://github.com/emscripten-forge/recipes/pull/4747;https://github.com/emscripten-forge/recipes/pull/4748;https://github.com/emscripten-forge/recipes/pull/4749;https://github.com/emscripten-forge/recipes/pull/4750;https://github.com/emscripten-forge/recipes/pull/4751;https://github.com/emscripten-forge/recipes/pull/4752;https://github.com/emscripten-forge/recipes/pull/4753;https://github.com/emscripten-forge/recipes/pull/4754;https://github.com/emscripten-forge/recipes/pull/4755;https://github.com/emscripten-forge/recipes/pull/4756;https://github.com/emscripten-forge/recipes/pull/4757;https://github.com/emscripten-forge/recipes/pull/4758;https://github.com/emscripten-forge/recipes/pull/4759;https://github.com/emscripten-forge/recipes/pull/4760;https://github.com/emscripten-forge/recipes/pull/4761;https://github.com/emscripten-forge/recipes/pull/4762;https://github.com/emscripten-forge/recipes/pull/4763;https://github.com/emscripten-forge/recipes/pull/4764;https://github.com/emscripten-forge/recipes/pull/4765;https://github.com/emscripten-forge/recipes/pull/4766;https://github.com/emscripten-forge/recipes/pull/4767;https://github.com/emscripten-forge/recipes/pull/4768;https://github.com/emscripten-forge/recipes/pull/4769;https://github.com/emscripten-forge/recipes/pull/4770;https://github.com/emscripten-forge/recipes/pull/4771;https://github.com/emscripten-forge/recipes/pull/4772;https://github.com/emscripten-forge/recipes/pull/4773;https://github.com/emscripten-forge/recipes/pull/4774;https://github.com/emscripten-forge/recipes/pull/4775;https://github.com/emscripten-forge/recipes/pull/4776;https://github.com/emscripten-forge/recipes/pull/4777;https://github.com/emscripten-forge/recipes/pull/4778;https://github.com/emscripten-forge/recipes/pull/4779;https://github.com/emscripten-forge/recipes/pull/4780;https://github.com/emscripten-forge/recipes/pull/4781;https://github.com/emscripten-forge/recipes/pull/4782;https://github.com/emscripten-forge/recipes/pull/4783;https://github.com/emscripten-forge/recipes/pull/4784;https://github.com/emscripten-forge/recipes/pull/4785;https://github.com/emscripten-forge/recipes/pull/4786;https://github.com/emscripten-forge/recipes/pull/4787;https://github.com/emscripten-forge/recipes/pull/4788;https://github.com/emscripten-forge/recipes/pull/4789;https://github.com/emscripten-forge/recipes/pull/4790;https://github.com/emscripten-forge/recipes/pull/4791;https://github.com/emscripten-forge/recipes/pull/4792;https://github.com/emscripten-forge/recipes/pull/4793;https://github.com/emscripten-forge/recipes/pull/4794;https://github.com/emscripten-forge/recipes/pull/4795;https://github.com/emscripten-forge/recipes/pull/4796;https://github.com/emscripten-forge/recipes/pull/4797;https://github.com/emscripten-forge/recipes/pull/4798;https://github.com/emscripten-forge/recipes/pull/4799;https://github.com/emscripten-forge/recipes/pull/4800;https://github.com/emscripten-forge/recipes/pull/4801;https://github.com/emscripten-forge/recipes/pull/4802;https://github.com/emscripten-forge/recipes/pull/4803;https://github.com/emscripten-forge/recipes/pull/4804;https://github.com/emscripten-forge/recipes/pull/4805;https://github.com/emscripten-forge/recipes/pull/4806;https://github.com/emscripten-forge/recipes/pull/4807;https://github.com/emscripten-forge/recipes/pull/4808;https://github.com/emscripten-forge/recipes/pull/4809;https://github.com/emscripten-forge/recipes/pull/4810;https://github.com/emscripten-forge/recipes/pull/4811;https://github.com/emscripten-forge/recipes/pull/4812;https://github.com/emscripten-forge/recipes/pull/4813;https://github.com/emscripten-forge/recipes/pull/4814;https://github.com/emscripten-forge/recipes/pull/4815;https://github.com/emscripten-forge/recipes/pull/4816;https://github.com/emscripten-forge/recipes/pull/4817;https://github.com/emscripten-forge/recipes/pull/4818;https://github.com/emscripten-forge/recipes/pull/4819;https://github.com/emscripten-forge/recipes/pull/4820;https://github.com/emscripten-forge/recipes/pull/4821;https://github.com/emscripten-forge/recipes/pull/4822;https://github.com/emscripten-forge/recipes/pull/4823;https://github.com/emscripten-forge/recipes/pull/4824;https://github.com/emscripten-forge/recipes/pull/4825;https://github.com/emscripten-forge/recipes/pull/4826;https://github.com/emscripten-forge/recipes/pull/4827;https://github.com/emscripten-forge/recipes/pull/4828;https://github.com/emscripten-forge/recipes/pull/4843;https://github.com/emscripten-forge/recipes/pull/4846;https://github.com/emscripten-forge/recipes/pull/4855;https://github.com/emscripten-forge/recipes/pull/4856;https://github.com/emscripten-forge/recipes/pull/4858;https://github.com/emscripten-forge/recipes/pull/4859;https://github.com/emscripten-forge/recipes/pull/4860;https://github.com/emscripten-forge/recipes/pull/4873;https://github.com/emscripten-forge/recipes/pull/4932;https://github.com/emscripten-forge/recipes/pull/4933;https://github.com/emscripten-forge/recipes/pull/4941;https://github.com/emscripten-forge/recipes/pull/5086;https://github.com/emscripten-forge/recipes/pull/5087;https://github.com/emscripten-forge/recipes/pull/5089;https://github.com/emscripten-forge/recipes/pull/5092;https://github.com/emscripten-forge/recipes/pull/5130
martinrenou,GeoJupyter,geojupyter/jupyter-tiler,adjacent_jupyter,included,recent_pr_activity,3,0,https://github.com/geojupyter/jupyter-tiler/pull/67;https://github.com/geojupyter/jupyter-tiler/pull/72;https://github.com/geojupyter/jupyter-tiler/pull/73
martinrenou,GeoJupyter,geojupyter/jupytergis,adjacent_jupyter,included,recent_pr_activity,63,56,https://github.com/geojupyter/jupytergis/pull/1067;https://github.com/geojupyter/jupytergis/pull/1068;https://github.com/geojupyter/jupytergis/pull/1069;https://github.com/geojupyter/jupytergis/pull/1070;https://github.com/geojupyter/jupytergis/pull/1072;https://github.com/geojupyter/jupytergis/pull/1074;https://github.com/geojupyter/jupytergis/pull/1075;https://github.com/geojupyter/jupytergis/pull/1076;https://github.com/geojupyter/jupytergis/pull/1087;https://github.com/geojupyter/jupytergis/pull/1088;https://github.com/geojupyter/jupytergis/pull/1089;https://github.com/geojupyter/jupytergis/pull/1090;https://github.com/geojupyter/jupytergis/pull/1091;https://github.com/geojupyter/jupytergis/pull/1092;https://github.com/geojupyter/jupytergis/pull/1095;https://github.com/geojupyter/jupytergis/pull/1103;https://github.com/geojupyter/jupytergis/pull/1115;https://github.com/geojupyter/jupytergis/pull/1125;https://github.com/geojupyter/jupytergis/pull/1222;https://github.com/geojupyter/jupytergis/pull/1255;https://github.com/geojupyter/jupytergis/pull/1274;https://github.com/geojupyter/jupytergis/pull/1287;https://github.com/geojupyter/jupytergis/pull/1295;https://github.com/geojupyter/jupytergis/pull/1413;https://github.com/geojupyter/jupytergis/pull/1414;https://github.com/geojupyter/jupytergis/pull/1420;https://github.com/geojupyter/jupytergis/pull/1434;https://github.com/geojupyter/jupytergis/pull/1442;https://github.com/geojupyter/jupytergis/pull/1473;https://github.com/geojupyter/jupytergis/pull/1474;https://github.com/geojupyter/jupytergis/pull/1492;https://github.com/geojupyter/jupytergis/pull/1493;https://github.com/geojupyter/jupytergis/pull/1494;https://github.com/geojupyter/jupytergis/pull/1509;https://github.com/geojupyter/jupytergis/pull/1520;https://github.com/geojupyter/jupytergis/pull/1534;https://github.com/geojupyter/jupytergis/pull/1539;https://github.com/geojupyter/jupytergis/pull/1548;https://github.com/geojupyter/jupytergis/pull/1568;https://github.com/geojupyter/jupytergis/pull/1583;https://github.com/geojupyter/jupytergis/pull/1595;https://github.com/geojupyter/jupytergis/pull/1597;https://github.com/geojupyter/jupytergis/pull/1602;https://github.com/geojupyter/jupytergis/pull/1606;https://github.com/geojupyter/jupytergis/pull/1611;https://github.com/geojupyter/jupytergis/pull/1613;https://github.com/geojupyter/jupytergis/pull/1614;https://github.com/geojupyter/jupytergis/pull/1640;https://github.com/geojupyter/jupytergis/pull/1731;https://github.com/geojupyter/jupytergis/pull/1732;https://github.com/geojupyter/jupytergis/pull/1733;https://github.com/geojupyter/jupytergis/pull/1745;https://github.com/geojupyter/jupytergis/pull/1755;https://github.com/geojupyter/jupytergis/pull/1758;https://github.com/geojupyter/jupytergis/pull/1760;https://github.com/geojupyter/jupytergis/pull/1762;https://github.com/geojupyter/jupytergis/pull/1763;https://github.com/geojupyter/jupytergis/pull/1766;https://github.com/geojupyter/jupytergis/pull/1771;https://github.com/geojupyter/jupytergis/pull/1785;https://github.com/geojupyter/jupytergis/pull/1872;https://github.com/geojupyter/jupytergis/pull/1905;https://github.com/geojupyter/jupytergis/pull/1911
martinrenou,Jupyter Widgets Contrib,jupyter-widgets-contrib/ipycanvas,adjacent_jupyter,included,recent_pr_activity,3,3,https://github.com/jupyter-widgets-contrib/ipycanvas/pull/384;https://github.com/jupyter-widgets-contrib/ipycanvas/pull/385;https://github.com/jupyter-widgets-contrib/ipycanvas/pull/400
martinrenou,jupyter-xeus/xeus-python-shell,jupyter-xeus/xeus-python-shell,official_jupyter,included,recent_pr_activity,4,4,https://github.com/jupyter-xeus/xeus-python-shell/pull/26;https://github.com/jupyter-xeus/xeus-python-shell/pull/27;https://github.com/jupyter-xeus/xeus-python-shell/pull/28;https://github.com/jupyter-xeus/xeus-python-shell/pull/32
martinrenou,JupyterCAD,jupytercad/JupyterCAD,adjacent_jupyter,included,recent_pr_activity,7,5,https://github.com/jupytercad/JupyterCAD/pull/850;https://github.com/jupytercad/JupyterCAD/pull/860;https://github.com/jupytercad/JupyterCAD/pull/861;https://github.com/jupytercad/JupyterCAD/pull/862;https://github.com/jupytercad/JupyterCAD/pull/868;https://github.com/jupytercad/JupyterCAD/pull/869;https://github.com/jupytercad/JupyterCAD/pull/2792
martinrenou,JupyterCAD,jupytercad/JupyterCAD-FreeCAD,adjacent_jupyter,included,recent_pr_activity,4,3,https://github.com/jupytercad/JupyterCAD-FreeCAD/pull/42;https://github.com/jupytercad/JupyterCAD-FreeCAD/pull/43;https://github.com/jupytercad/JupyterCAD-FreeCAD/pull/44;https://github.com/jupytercad/JupyterCAD-FreeCAD/pull/45
martinrenou,jupyterlab/jupyter-collaboration,jupyterlab/jupyter-collaboration,official_jupyter,included,recent_pr_activity,4,3,https://github.com/jupyterlab/jupyter-collaboration/pull/536;https://github.com/jupyterlab/jupyter-collaboration/pull/563;https://github.com/jupyterlab/jupyter-collaboration/pull/582;https://github.com/jupyterlab/jupyter-collaboration/pull/619
martinrenou,jupyterlab/jupyterlab,jupyterlab/jupyterlab,official_jupyter,included,recent_pr_activity,4,4,https://github.com/jupyterlab/jupyterlab/pull/18334;https://github.com/jupyterlab/jupyterlab/pull/18652;https://github.com/jupyterlab/jupyterlab/pull/18681;https://github.com/jupyterlab/jupyterlab/pull/19054
martinrenou,jupyterlite/jupyterlite,jupyterlite/jupyterlite,official_jupyter,included,recent_pr_activity,14,8,https://github.com/jupyterlite/jupyterlite/pull/1836;https://github.com/jupyterlite/jupyterlite/pull/1863;https://github.com/jupyterlite/jupyterlite/pull/1878;https://github.com/jupyterlite/jupyterlite/pull/1886;https://github.com/jupyterlite/jupyterlite/pull/1898;https://github.com/jupyterlite/jupyterlite/pull/1902;https://github.com/jupyterlite/jupyterlite/pull/1908;https://github.com/jupyterlite/jupyterlite/pull/1920;https://github.com/jupyterlite/jupyterlite/pull/1924;https://github.com/jupyterlite/jupyterlite/pull/1942;https://github.com/jupyterlite/jupyterlite/pull/1984;https://github.com/jupyterlite/jupyterlite/pull/2028;https://github.com/jupyterlite/jupyterlite/pull/2034;https://github.com/jupyterlite/jupyterlite/pull/2047
martinrenou,jupyterlite/xeus,jupyterlite/xeus,official_jupyter,included,recent_pr_activity,13,13,https://github.com/jupyterlite/xeus/pull/345;https://github.com/jupyterlite/xeus/pull/346;https://github.com/jupyterlite/xeus/pull/347;https://github.com/jupyterlite/xeus/pull/348;https://github.com/jupyterlite/xeus/pull/349;https://github.com/jupyterlite/xeus/pull/350;https://github.com/jupyterlite/xeus/pull/351;https://github.com/jupyterlite/xeus/pull/355;https://github.com/jupyterlite/xeus/pull/356;https://github.com/jupyterlite/xeus/pull/357;https://github.com/jupyterlite/xeus/pull/359;https://github.com/jupyterlite/xeus/pull/368;https://github.com/jupyterlite/xeus/pull/369
martinrenou,matplotlib/ipympl,matplotlib/ipympl,adjacent_jupyter,included,recent_pr_activity,4,4,https://github.com/matplotlib/ipympl/pull/614;https://github.com/matplotlib/ipympl/pull/618;https://github.com/matplotlib/ipympl/pull/619;https://github.com/matplotlib/ipympl/pull/620
martinrenou,voila-dashboards/voila,voila-dashboards/voila,official_jupyter,included,recent_pr_activity,3,2,https://github.com/voila-dashboards/voila/pull/1551;https://github.com/voila-dashboards/voila/pull/1559;https://github.com/voila-dashboards/voila/pull/1561
minrk,2i2c deployments,2i2c-org/infrastructure,adjacent_jupyter,included,recent_pr_activity,6,6,https://github.com/2i2c-org/infrastructure/pull/8988;https://github.com/2i2c-org/infrastructure/pull/9002;https://github.com/2i2c-org/infrastructure/pull/9007;https://github.com/2i2c-org/infrastructure/pull/9122;https://github.com/2i2c-org/infrastructure/pull/9127;https://github.com/2i2c-org/infrastructure/pull/9130
minrk,BIDS/hub-deploy,BIDS/hub-deploy,adjacent_jupyter,included,recent_pr_activity,31,30,https://github.com/BIDS/hub-deploy/pull/7;https://github.com/BIDS/hub-deploy/pull/8;https://github.com/BIDS/hub-deploy/pull/9;https://github.com/BIDS/hub-deploy/pull/10;https://github.com/BIDS/hub-deploy/pull/11;https://github.com/BIDS/hub-deploy/pull/12;https://github.com/BIDS/hub-deploy/pull/13;https://github.com/BIDS/hub-deploy/pull/14;https://github.com/BIDS/hub-deploy/pull/15;https://github.com/BIDS/hub-deploy/pull/16;https://github.com/BIDS/hub-deploy/pull/17;https://github.com/BIDS/hub-deploy/pull/18;https://github.com/BIDS/hub-deploy/pull/19;https://github.com/BIDS/hub-deploy/pull/21;https://github.com/BIDS/hub-deploy/pull/22;https://github.com/BIDS/hub-deploy/pull/23;https://github.com/BIDS/hub-deploy/pull/24;https://github.com/BIDS/hub-deploy/pull/25;https://github.com/BIDS/hub-deploy/pull/26;https://github.com/BIDS/hub-deploy/pull/27;https://github.com/BIDS/hub-deploy/pull/28;https://github.com/BIDS/hub-deploy/pull/31;https://github.com/BIDS/hub-deploy/pull/32;https://github.com/BIDS/hub-deploy/pull/33;https://github.com/BIDS/hub-deploy/pull/34;https://github.com/BIDS/hub-deploy/pull/36;https://github.com/BIDS/hub-deploy/pull/37;https://github.com/BIDS/hub-deploy/pull/38;https://github.com/BIDS/hub-deploy/pull/41;https://github.com/BIDS/hub-deploy/pull/42;https://github.com/BIDS/hub-deploy/pull/43
minrk,conda-forge,conda-forge/conda-forge-bot,non_jupyter,included,recent_pr_activity,4,4,https://github.com/conda-forge/conda-forge-bot/pull/5609;https://github.com/conda-forge/conda-forge-bot/pull/5610;https://github.com/conda-forge/conda-forge-bot/pull/5611;https://github.com/conda-forge/conda-forge-bot/pull/5862
minrk,conda-forge,conda-forge/fenics-dolfinx-feedstock,non_jupyter,included,recent_pr_activity,4,3,https://github.com/conda-forge/fenics-dolfinx-feedstock/pull/135;https://github.com/conda-forge/fenics-dolfinx-feedstock/pull/136;https://github.com/conda-forge/fenics-dolfinx-feedstock/pull/137;https://github.com/conda-forge/fenics-dolfinx-feedstock/pull/143
minrk,conda-forge,conda-forge/hdf5-feedstock,non_jupyter,included,recent_pr_activity,5,4,https://github.com/conda-forge/hdf5-feedstock/pull/295;https://github.com/conda-forge/hdf5-feedstock/pull/296;https://github.com/conda-forge/hdf5-feedstock/pull/299;https://github.com/conda-forge/hdf5-feedstock/pull/302;https://github.com/conda-forge/hdf5-feedstock/pull/320
minrk,conda-forge,conda-forge/jupyterhub-feedstock,non_jupyter,included,recent_pr_activity,7,6,https://github.com/conda-forge/jupyterhub-feedstock/pull/91;https://github.com/conda-forge/jupyterhub-feedstock/pull/92;https://github.com/conda-forge/jupyterhub-feedstock/pull/94;https://github.com/conda-forge/jupyterhub-feedstock/pull/96;https://github.com/conda-forge/jupyterhub-feedstock/pull/97;https://github.com/conda-forge/jupyterhub-feedstock/pull/98;https://github.com/conda-forge/jupyterhub-feedstock/pull/99
minrk,conda-forge,conda-forge/libsodium-feedstock,non_jupyter,included,recent_pr_activity,4,4,https://github.com/conda-forge/libsodium-feedstock/pull/25;https://github.com/conda-forge/libsodium-feedstock/pull/27;https://github.com/conda-forge/libsodium-feedstock/pull/28;https://github.com/conda-forge/libsodium-feedstock/pull/29
minrk,conda-forge,conda-forge/mpich-feedstock,non_jupyter,included,recent_pr_activity,3,2,https://github.com/conda-forge/mpich-feedstock/pull/128;https://github.com/conda-forge/mpich-feedstock/pull/129;https://github.com/conda-forge/mpich-feedstock/pull/130
minrk,conda-forge,conda-forge/neuron-feedstock,non_jupyter,included,recent_pr_activity,4,4,https://github.com/conda-forge/neuron-feedstock/pull/65;https://github.com/conda-forge/neuron-feedstock/pull/67;https://github.com/conda-forge/neuron-feedstock/pull/69;https://github.com/conda-forge/neuron-feedstock/pull/70
minrk,conda-forge,conda-forge/superlu_dist-feedstock,non_jupyter,included,recent_pr_activity,4,3,https://github.com/conda-forge/superlu_dist-feedstock/pull/54;https://github.com/conda-forge/superlu_dist-feedstock/pull/56;https://github.com/conda-forge/superlu_dist-feedstock/pull/57;https://github.com/conda-forge/superlu_dist-feedstock/pull/58
minrk,ipython/ipyparallel,ipython/ipyparallel,official_jupyter,included,recent_pr_activity,7,7,https://github.com/ipython/ipyparallel/pull/975;https://github.com/ipython/ipyparallel/pull/976;https://github.com/ipython/ipyparallel/pull/985;https://github.com/ipython/ipyparallel/pull/991;https://github.com/ipython/ipyparallel/pull/1012;https://github.com/ipython/ipyparallel/pull/1016;https://github.com/ipython/ipyparallel/pull/1017
minrk,jupyter/nbviewer,jupyter/nbviewer,official_jupyter,included,recent_pr_activity,3,3,https://github.com/jupyter/nbviewer/pull/1120;https://github.com/jupyter/nbviewer/pull/1121;https://github.com/jupyter/nbviewer/pull/1122
minrk,jupyter/nbviewer.org-deploy,jupyter/nbviewer.org-deploy,official_jupyter,included,recent_pr_activity,3,3,https://github.com/jupyter/nbviewer.org-deploy/pull/31;https://github.com/jupyter/nbviewer.org-deploy/pull/32;https://github.com/jupyter/nbviewer.org-deploy/pull/33
minrk,jupyterhealth/helm-charts,jupyterhealth/helm-charts,official_jupyter,included,recent_pr_activity,23,22,https://github.com/jupyterhealth/helm-charts/pull/3;https://github.com/jupyterhealth/helm-charts/pull/4;https://github.com/jupyterhealth/helm-charts/pull/5;https://github.com/jupyterhealth/helm-charts/pull/6;https://github.com/jupyterhealth/helm-charts/pull/7;https://github.com/jupyterhealth/helm-charts/pull/8;https://github.com/jupyterhealth/helm-charts/pull/9;https://github.com/jupyterhealth/helm-charts/pull/10;https://github.com/jupyterhealth/helm-charts/pull/14;https://github.com/jupyterhealth/helm-charts/pull/18;https://github.com/jupyterhealth/helm-charts/pull/19;https://github.com/jupyterhealth/helm-charts/pull/21;https://github.com/jupyterhealth/helm-charts/pull/23;https://github.com/jupyterhealth/helm-charts/pull/27;https://github.com/jupyterhealth/helm-charts/pull/28;https://github.com/jupyterhealth/helm-charts/pull/33;https://github.com/jupyterhealth/helm-charts/pull/34;https://github.com/jupyterhealth/helm-charts/pull/35;https://github.com/jupyterhealth/helm-charts/pull/36;https://github.com/jupyterhealth/helm-charts/pull/37;https://github.com/jupyterhealth/helm-charts/pull/38;https://github.com/jupyterhealth/helm-charts/pull/42;https://github.com/jupyterhealth/helm-charts/pull/44
minrk,jupyterhealth/jupyter-smart-on-fhir,jupyterhealth/jupyter-smart-on-fhir,official_jupyter,included,recent_pr_activity,3,3,https://github.com/jupyterhealth/jupyter-smart-on-fhir/pull/25;https://github.com/jupyterhealth/jupyter-smart-on-fhir/pull/26;https://github.com/jupyterhealth/jupyter-smart-on-fhir/pull/32
minrk,jupyterhealth/jupyterhealth-client,jupyterhealth/jupyterhealth-client,official_jupyter,included,recent_pr_activity,9,9,https://github.com/jupyterhealth/jupyterhealth-client/pull/21;https://github.com/jupyterhealth/jupyterhealth-client/pull/22;https://github.com/jupyterhealth/jupyterhealth-client/pull/23;https://github.com/jupyterhealth/jupyterhealth-client/pull/24;https://github.com/jupyterhealth/jupyterhealth-client/pull/25;https://github.com/jupyterhealth/jupyterhealth-client/pull/26;https://github.com/jupyterhealth/jupyterhealth-client/pull/32;https://github.com/jupyterhealth/jupyterhealth-client/pull/34;https://github.com/jupyterhealth/jupyterhealth-client/pull/36
minrk,jupyterhealth/jupyterhealth-demo-deploy,jupyterhealth/jupyterhealth-demo-deploy,official_jupyter,included,recent_pr_activity,26,26,https://github.com/jupyterhealth/jupyterhealth-demo-deploy/pull/2;https://github.com/jupyterhealth/jupyterhealth-demo-deploy/pull/3;https://github.com/jupyterhealth/jupyterhealth-demo-deploy/pull/4;https://github.com/jupyterhealth/jupyterhealth-demo-deploy/pull/5;https://github.com/jupyterhealth/jupyterhealth-demo-deploy/pull/6;https://github.com/jupyterhealth/jupyterhealth-demo-deploy/pull/7;https://github.com/jupyterhealth/jupyterhealth-demo-deploy/pull/12;https://github.com/jupyterhealth/jupyterhealth-demo-deploy/pull/13;https://github.com/jupyterhealth/jupyterhealth-demo-deploy/pull/19;https://github.com/jupyterhealth/jupyterhealth-demo-deploy/pull/20;https://github.com/jupyterhealth/jupyterhealth-demo-deploy/pull/21;https://github.com/jupyterhealth/jupyterhealth-demo-deploy/pull/22;https://github.com/jupyterhealth/jupyterhealth-demo-deploy/pull/23;https://github.com/jupyterhealth/jupyterhealth-demo-deploy/pull/33;https://github.com/jupyterhealth/jupyterhealth-demo-deploy/pull/40;https://github.com/jupyterhealth/jupyterhealth-demo-deploy/pull/47;https://github.com/jupyterhealth/jupyterhealth-demo-deploy/pull/48;https://github.com/jupyterhealth/jupyterhealth-demo-deploy/pull/51;https://github.com/jupyterhealth/jupyterhealth-demo-deploy/pull/53;https://github.com/jupyterhealth/jupyterhealth-demo-deploy/pull/54;https://github.com/jupyterhealth/jupyterhealth-demo-deploy/pull/57;https://github.com/jupyterhealth/jupyterhealth-demo-deploy/pull/60;https://github.com/jupyterhealth/jupyterhealth-demo-deploy/pull/61;https://github.com/jupyterhealth/jupyterhealth-demo-deploy/pull/62;https://github.com/jupyterhealth/jupyterhealth-demo-deploy/pull/65;https://github.com/jupyterhealth/jupyterhealth-demo-deploy/pull/66
minrk,jupyterhealth/jupyterhealth-exchange,jupyterhealth/jupyterhealth-exchange,official_jupyter,included,recent_pr_activity,27,26,https://github.com/jupyterhealth/jupyterhealth-exchange/pull/246;https://github.com/jupyterhealth/jupyterhealth-exchange/pull/247;https://github.com/jupyterhealth/jupyterhealth-exchange/pull/249;https://github.com/jupyterhealth/jupyterhealth-exchange/pull/250;https://github.com/jupyterhealth/jupyterhealth-exchange/pull/251;https://github.com/jupyterhealth/jupyterhealth-exchange/pull/266;https://github.com/jupyterhealth/jupyterhealth-exchange/pull/272;https://github.com/jupyterhealth/jupyterhealth-exchange/pull/276;https://github.com/jupyterhealth/jupyterhealth-exchange/pull/280;https://github.com/jupyterhealth/jupyterhealth-exchange/pull/283;https://github.com/jupyterhealth/jupyterhealth-exchange/pull/287;https://github.com/jupyterhealth/jupyterhealth-exchange/pull/289;https://github.com/jupyterhealth/jupyterhealth-exchange/pull/297;https://github.com/jupyterhealth/jupyterhealth-exchange/pull/303;https://github.com/jupyterhealth/jupyterhealth-exchange/pull/361;https://github.com/jupyterhealth/jupyterhealth-exchange/pull/362;https://github.com/jupyterhealth/jupyterhealth-exchange/pull/377;https://github.com/jupyterhealth/jupyterhealth-exchange/pull/451;https://github.com/jupyterhealth/jupyterhealth-exchange/pull/456;https://github.com/jupyterhealth/jupyterhealth-exchange/pull/509;https://github.com/jupyterhealth/jupyterhealth-exchange/pull/515;https://github.com/jupyterhealth/jupyterhealth-exchange/pull/694;https://github.com/jupyterhealth/jupyterhealth-exchange/pull/738;https://github.com/jupyterhealth/jupyterhealth-exchange/pull/739;https://github.com/jupyterhealth/jupyterhealth-exchange/pull/743;https://github.com/jupyterhealth/jupyterhealth-exchange/pull/745;https://github.com/jupyterhealth/jupyterhealth-exchange/pull/810
minrk,jupyterhealth/jupyterhealth.org,jupyterhealth/jupyterhealth.org,official_jupyter,included,recent_pr_activity,6,6,https://github.com/jupyterhealth/jupyterhealth.org/pull/4;https://github.com/jupyterhealth/jupyterhealth.org/pull/5;https://github.com/jupyterhealth/jupyterhealth.org/pull/6;https://github.com/jupyterhealth/jupyterhealth.org/pull/7;https://github.com/jupyterhealth/jupyterhealth.org/pull/8;https://github.com/jupyterhealth/jupyterhealth.org/pull/9
minrk,jupyterhealth/singleuser-image,jupyterhealth/singleuser-image,official_jupyter,included,recent_pr_activity,5,5,https://github.com/jupyterhealth/singleuser-image/pull/40;https://github.com/jupyterhealth/singleuser-image/pull/41;https://github.com/jupyterhealth/singleuser-image/pull/43;https://github.com/jupyterhealth/singleuser-image/pull/46;https://github.com/jupyterhealth/singleuser-image/pull/48
minrk,jupyterhub/autodoc-traits,jupyterhub/autodoc-traits,official_jupyter,included,recent_pr_activity,3,3,https://github.com/jupyterhub/autodoc-traits/pull/79;https://github.com/jupyterhub/autodoc-traits/pull/80;https://github.com/jupyterhub/autodoc-traits/pull/81
minrk,jupyterhub/binderhub,jupyterhub/binderhub,official_jupyter,included,recent_pr_activity,11,11,https://github.com/jupyterhub/binderhub/pull/2053;https://github.com/jupyterhub/binderhub/pull/2054;https://github.com/jupyterhub/binderhub/pull/2055;https://github.com/jupyterhub/binderhub/pull/2058;https://github.com/jupyterhub/binderhub/pull/2064;https://github.com/jupyterhub/binderhub/pull/2066;https://github.com/jupyterhub/binderhub/pull/2067;https://github.com/jupyterhub/binderhub/pull/2071;https://github.com/jupyterhub/binderhub/pull/2092;https://github.com/jupyterhub/binderhub/pull/2093;https://github.com/jupyterhub/binderhub/pull/2107
minrk,jupyterhub/chartpress,jupyterhub/chartpress,official_jupyter,included,recent_pr_activity,5,5,https://github.com/jupyterhub/chartpress/pull/268;https://github.com/jupyterhub/chartpress/pull/272;https://github.com/jupyterhub/chartpress/pull/273;https://github.com/jupyterhub/chartpress/pull/274;https://github.com/jupyterhub/chartpress/pull/276
minrk,jupyterhub/configurable-http-proxy,jupyterhub/configurable-http-proxy,official_jupyter,included,recent_pr_activity,7,6,https://github.com/jupyterhub/configurable-http-proxy/pull/631;https://github.com/jupyterhub/configurable-http-proxy/pull/632;https://github.com/jupyterhub/configurable-http-proxy/pull/633;https://github.com/jupyterhub/configurable-http-proxy/pull/634;https://github.com/jupyterhub/configurable-http-proxy/pull/635;https://github.com/jupyterhub/configurable-http-proxy/pull/659;https://github.com/jupyterhub/configurable-http-proxy/pull/670
minrk,jupyterhub/jupyter-server-proxy,jupyterhub/jupyter-server-proxy,official_jupyter,included,recent_pr_activity,8,8,https://github.com/jupyterhub/jupyter-server-proxy/pull/568;https://github.com/jupyterhub/jupyter-server-proxy/pull/592;https://github.com/jupyterhub/jupyter-server-proxy/pull/609;https://github.com/jupyterhub/jupyter-server-proxy/pull/610;https://github.com/jupyterhub/jupyter-server-proxy/pull/613;https://github.com/jupyterhub/jupyter-server-proxy/pull/614;https://github.com/jupyterhub/jupyter-server-proxy/pull/616;https://github.com/jupyterhub/jupyter-server-proxy/pull/618
minrk,jupyterhub/jupyterhub,jupyterhub/jupyterhub,official_jupyter,included,recent_pr_activity,58,55,https://github.com/jupyterhub/jupyterhub/pull/5276;https://github.com/jupyterhub/jupyterhub/pull/5278;https://github.com/jupyterhub/jupyterhub/pull/5285;https://github.com/jupyterhub/jupyterhub/pull/5286;https://github.com/jupyterhub/jupyterhub/pull/5287;https://github.com/jupyterhub/jupyterhub/pull/5297;https://github.com/jupyterhub/jupyterhub/pull/5312;https://github.com/jupyterhub/jupyterhub/pull/5315;https://github.com/jupyterhub/jupyterhub/pull/5318;https://github.com/jupyterhub/jupyterhub/pull/5319;https://github.com/jupyterhub/jupyterhub/pull/5330;https://github.com/jupyterhub/jupyterhub/pull/5333;https://github.com/jupyterhub/jupyterhub/pull/5334;https://github.com/jupyterhub/jupyterhub/pull/5338;https://github.com/jupyterhub/jupyterhub/pull/5346;https://github.com/jupyterhub/jupyterhub/pull/5351;https://github.com/jupyterhub/jupyterhub/pull/5356;https://github.com/jupyterhub/jupyterhub/pull/5358;https://github.com/jupyterhub/jupyterhub/pull/5359;https://github.com/jupyterhub/jupyterhub/pull/5363;https://github.com/jupyterhub/jupyterhub/pull/5372;https://github.com/jupyterhub/jupyterhub/pull/5378;https://github.com/jupyterhub/jupyterhub/pull/5380;https://github.com/jupyterhub/jupyterhub/pull/5384;https://github.com/jupyterhub/jupyterhub/pull/5386;https://github.com/jupyterhub/jupyterhub/pull/5391;https://github.com/jupyterhub/jupyterhub/pull/5395;https://github.com/jupyterhub/jupyterhub/pull/5405;https://github.com/jupyterhub/jupyterhub/pull/5407;https://github.com/jupyterhub/jupyterhub/pull/5418;https://github.com/jupyterhub/jupyterhub/pull/5420;https://github.com/jupyterhub/jupyterhub/pull/5443;https://github.com/jupyterhub/jupyterhub/pull/5447;https://github.com/jupyterhub/jupyterhub/pull/5448;https://github.com/jupyterhub/jupyterhub/pull/5455;https://github.com/jupyterhub/jupyterhub/pull/5463;https://github.com/jupyterhub/jupyterhub/pull/5464;https://github.com/jupyterhub/jupyterhub/pull/5465;https://github.com/jupyterhub/jupyterhub/pull/5473;https://github.com/jupyterhub/jupyterhub/pull/5485;https://github.com/jupyterhub/jupyterhub/pull/5489;https://github.com/jupyterhub/jupyterhub/pull/5490;https://github.com/jupyterhub/jupyterhub/pull/5492;https://github.com/jupyterhub/jupyterhub/pull/5497;https://github.com/jupyterhub/jupyterhub/pull/5498;https://github.com/jupyterhub/jupyterhub/pull/5499;https://github.com/jupyterhub/jupyterhub/pull/5500;https://github.com/jupyterhub/jupyterhub/pull/5506;https://github.com/jupyterhub/jupyterhub/pull/5512;https://github.com/jupyterhub/jupyterhub/pull/5513;https://github.com/jupyterhub/jupyterhub/pull/5518;https://github.com/jupyterhub/jupyterhub/pull/5522;https://github.com/jupyterhub/jupyterhub/pull/5523;https://github.com/jupyterhub/jupyterhub/pull/5529;https://github.com/jupyterhub/jupyterhub/pull/5536;https://github.com/jupyterhub/jupyterhub/pull/5553;https://github.com/jupyterhub/jupyterhub/pull/5554;https://github.com/jupyterhub/jupyterhub/pull/5555
minrk,jupyterhub/jupyterhub-container-images,jupyterhub/jupyterhub-container-images,official_jupyter,included,recent_pr_activity,4,4,https://github.com/jupyterhub/jupyterhub-container-images/pull/87;https://github.com/jupyterhub/jupyterhub-container-images/pull/104;https://github.com/jupyterhub/jupyterhub-container-images/pull/112;https://github.com/jupyterhub/jupyterhub-container-images/pull/113
minrk,jupyterhub/ltiauthenticator,jupyterhub/ltiauthenticator,official_jupyter,included,recent_pr_activity,3,3,https://github.com/jupyterhub/ltiauthenticator/pull/215;https://github.com/jupyterhub/ltiauthenticator/pull/216;https://github.com/jupyterhub/ltiauthenticator/pull/217
minrk,jupyterhub/mybinder.org-deploy,jupyterhub/mybinder.org-deploy,official_jupyter,included,recent_pr_activity,124,122,https://github.com/jupyterhub/mybinder.org-deploy/pull/3575;https://github.com/jupyterhub/mybinder.org-deploy/pull/3605;https://github.com/jupyterhub/mybinder.org-deploy/pull/3606;https://github.com/jupyterhub/mybinder.org-deploy/pull/3608;https://github.com/jupyterhub/mybinder.org-deploy/pull/3609;https://github.com/jupyterhub/mybinder.org-deploy/pull/3610;https://github.com/jupyterhub/mybinder.org-deploy/pull/3611;https://github.com/jupyterhub/mybinder.org-deploy/pull/3613;https://github.com/jupyterhub/mybinder.org-deploy/pull/3616;https://github.com/jupyterhub/mybinder.org-deploy/pull/3618;https://github.com/jupyterhub/mybinder.org-deploy/pull/3628;https://github.com/jupyterhub/mybinder.org-deploy/pull/3630;https://github.com/jupyterhub/mybinder.org-deploy/pull/3631;https://github.com/jupyterhub/mybinder.org-deploy/pull/3633;https://github.com/jupyterhub/mybinder.org-deploy/pull/3637;https://github.com/jupyterhub/mybinder.org-deploy/pull/3640;https://github.com/jupyterhub/mybinder.org-deploy/pull/3642;https://github.com/jupyterhub/mybinder.org-deploy/pull/3643;https://github.com/jupyterhub/mybinder.org-deploy/pull/3662;https://github.com/jupyterhub/mybinder.org-deploy/pull/3663;https://github.com/jupyterhub/mybinder.org-deploy/pull/3664;https://github.com/jupyterhub/mybinder.org-deploy/pull/3665;https://github.com/jupyterhub/mybinder.org-deploy/pull/3666;https://github.com/jupyterhub/mybinder.org-deploy/pull/3668;https://github.com/jupyterhub/mybinder.org-deploy/pull/3669;https://github.com/jupyterhub/mybinder.org-deploy/pull/3670;https://github.com/jupyterhub/mybinder.org-deploy/pull/3677;https://github.com/jupyterhub/mybinder.org-deploy/pull/3678;https://github.com/jupyterhub/mybinder.org-deploy/pull/3679;https://github.com/jupyterhub/mybinder.org-deploy/pull/3681;https://github.com/jupyterhub/mybinder.org-deploy/pull/3682;https://github.com/jupyterhub/mybinder.org-deploy/pull/3683;https://github.com/jupyterhub/mybinder.org-deploy/pull/3684;https://github.com/jupyterhub/mybinder.org-deploy/pull/3685;https://github.com/jupyterhub/mybinder.org-deploy/pull/3688;https://github.com/jupyterhub/mybinder.org-deploy/pull/3689;https://github.com/jupyterhub/mybinder.org-deploy/pull/3690;https://github.com/jupyterhub/mybinder.org-deploy/pull/3692;https://github.com/jupyterhub/mybinder.org-deploy/pull/3694;https://github.com/jupyterhub/mybinder.org-deploy/pull/3697;https://github.com/jupyterhub/mybinder.org-deploy/pull/3698;https://github.com/jupyterhub/mybinder.org-deploy/pull/3699;https://github.com/jupyterhub/mybinder.org-deploy/pull/3702;https://github.com/jupyterhub/mybinder.org-deploy/pull/3703;https://github.com/jupyterhub/mybinder.org-deploy/pull/3706;https://github.com/jupyterhub/mybinder.org-deploy/pull/3707;https://github.com/jupyterhub/mybinder.org-deploy/pull/3708;https://github.com/jupyterhub/mybinder.org-deploy/pull/3709;https://github.com/jupyterhub/mybinder.org-deploy/pull/3710;https://github.com/jupyterhub/mybinder.org-deploy/pull/3711;https://github.com/jupyterhub/mybinder.org-deploy/pull/3712;https://github.com/jupyterhub/mybinder.org-deploy/pull/3713;https://github.com/jupyterhub/mybinder.org-deploy/pull/3714;https://github.com/jupyterhub/mybinder.org-deploy/pull/3715;https://github.com/jupyterhub/mybinder.org-deploy/pull/3716;https://github.com/jupyterhub/mybinder.org-deploy/pull/3717;https://github.com/jupyterhub/mybinder.org-deploy/pull/3718;https://github.com/jupyterhub/mybinder.org-deploy/pull/3719;https://github.com/jupyterhub/mybinder.org-deploy/pull/3722;https://github.com/jupyterhub/mybinder.org-deploy/pull/3723;https://github.com/jupyterhub/mybinder.org-deploy/pull/3724;https://github.com/jupyterhub/mybinder.org-deploy/pull/3725;https://github.com/jupyterhub/mybinder.org-deploy/pull/3727;https://github.com/jupyterhub/mybinder.org-deploy/pull/3732;https://github.com/jupyterhub/mybinder.org-deploy/pull/3733;https://github.com/jupyterhub/mybinder.org-deploy/pull/3734;https://github.com/jupyterhub/mybinder.org-deploy/pull/3739;https://github.com/jupyterhub/mybinder.org-deploy/pull/3740;https://github.com/jupyterhub/mybinder.org-deploy/pull/3741;https://github.com/jupyterhub/mybinder.org-deploy/pull/3748;https://github.com/jupyterhub/mybinder.org-deploy/pull/3749;https://github.com/jupyterhub/mybinder.org-deploy/pull/3751;https://github.com/jupyterhub/mybinder.org-deploy/pull/3754;https://github.com/jupyterhub/mybinder.org-deploy/pull/3758;https://github.com/jupyterhub/mybinder.org-deploy/pull/3764;https://github.com/jupyterhub/mybinder.org-deploy/pull/3768;https://github.com/jupyterhub/mybinder.org-deploy/pull/3770;https://github.com/jupyterhub/mybinder.org-deploy/pull/3783;https://github.com/jupyterhub/mybinder.org-deploy/pull/3784;https://github.com/jupyterhub/mybinder.org-deploy/pull/3789;https://github.com/jupyterhub/mybinder.org-deploy/pull/3790;https://github.com/jupyterhub/mybinder.org-deploy/pull/3794;https://github.com/jupyterhub/mybinder.org-deploy/pull/3805;https://github.com/jupyterhub/mybinder.org-deploy/pull/3810;https://github.com/jupyterhub/mybinder.org-deploy/pull/3811;https://github.com/jupyterhub/mybinder.org-deploy/pull/3812;https://github.com/jupyterhub/mybinder.org-deploy/pull/3815;https://github.com/jupyterhub/mybinder.org-deploy/pull/3816;https://github.com/jupyterhub/mybinder.org-deploy/pull/3817;https://github.com/jupyterhub/mybinder.org-deploy/pull/3818;https://github.com/jupyterhub/mybinder.org-deploy/pull/3819;https://github.com/jupyterhub/mybinder.org-deploy/pull/3820;https://github.com/jupyterhub/mybinder.org-deploy/pull/3822;https://github.com/jupyterhub/mybinder.org-deploy/pull/3823;https://github.com/jupyterhub/mybinder.org-deploy/pull/3824;https://github.com/jupyterhub/mybinder.org-deploy/pull/3825;https://github.com/jupyterhub/mybinder.org-deploy/pull/3826;https://github.com/jupyterhub/mybinder.org-deploy/pull/3827;https://github.com/jupyterhub/mybinder.org-deploy/pull/3828;https://github.com/jupyterhub/mybinder.org-deploy/pull/3829;https://github.com/jupyterhub/mybinder.org-deploy/pull/3830;https://github.com/jupyterhub/mybinder.org-deploy/pull/3831;https://github.com/jupyterhub/mybinder.org-deploy/pull/3832;https://github.com/jupyterhub/mybinder.org-deploy/pull/3834;https://github.com/jupyterhub/mybinder.org-deploy/pull/3835;https://github.com/jupyterhub/mybinder.org-deploy/pull/3836;https://github.com/jupyterhub/mybinder.org-deploy/pull/3837;https://github.com/jupyterhub/mybinder.org-deploy/pull/3838;https://github.com/jupyterhub/mybinder.org-deploy/pull/3839;https://github.com/jupyterhub/mybinder.org-deploy/pull/3840;https://github.com/jupyterhub/mybinder.org-deploy/pull/3841;https://github.com/jupyterhub/mybinder.org-deploy/pull/3842;https://github.com/jupyterhub/mybinder.org-deploy/pull/3843;https://github.com/jupyterhub/mybinder.org-deploy/pull/3844;https://github.com/jupyterhub/mybinder.org-deploy/pull/3845;https://github.com/jupyterhub/mybinder.org-deploy/pull/3846;https://github.com/jupyterhub/mybinder.org-deploy/pull/3847;https://github.com/jupyterhub/mybinder.org-deploy/pull/3850;https://github.com/jupyterhub/mybinder.org-deploy/pull/3902;https://github.com/jupyterhub/mybinder.org-deploy/pull/3925;https://github.com/jupyterhub/mybinder.org-deploy/pull/3932;https://github.com/jupyterhub/mybinder.org-deploy/pull/3935;https://github.com/jupyterhub/mybinder.org-deploy/pull/3936;https://github.com/jupyterhub/mybinder.org-deploy/pull/3943
minrk,jupyterhub/oauthenticator,jupyterhub/oauthenticator,official_jupyter,included,recent_pr_activity,11,11,https://github.com/jupyterhub/oauthenticator/pull/810;https://github.com/jupyterhub/oauthenticator/pull/811;https://github.com/jupyterhub/oauthenticator/pull/814;https://github.com/jupyterhub/oauthenticator/pull/818;https://github.com/jupyterhub/oauthenticator/pull/820;https://github.com/jupyterhub/oauthenticator/pull/821;https://github.com/jupyterhub/oauthenticator/pull/822;https://github.com/jupyterhub/oauthenticator/pull/823;https://github.com/jupyterhub/oauthenticator/pull/830;https://github.com/jupyterhub/oauthenticator/pull/837;https://github.com/jupyterhub/oauthenticator/pull/841
minrk,jupyterhub/repo2docker,jupyterhub/repo2docker,official_jupyter,included,recent_pr_activity,11,11,https://github.com/jupyterhub/repo2docker/pull/1510;https://github.com/jupyterhub/repo2docker/pull/1511;https://github.com/jupyterhub/repo2docker/pull/1512;https://github.com/jupyterhub/repo2docker/pull/1526;https://github.com/jupyterhub/repo2docker/pull/1527;https://github.com/jupyterhub/repo2docker/pull/1528;https://github.com/jupyterhub/repo2docker/pull/1529;https://github.com/jupyterhub/repo2docker/pull/1530;https://github.com/jupyterhub/repo2docker/pull/1534;https://github.com/jupyterhub/repo2docker/pull/1535;https://github.com/jupyterhub/repo2docker/pull/1543
minrk,jupyterhub/team-compass,jupyterhub/team-compass,official_jupyter,included,recent_pr_activity,3,3,https://github.com/jupyterhub/team-compass/pull/876;https://github.com/jupyterhub/team-compass/pull/880;https://github.com/jupyterhub/team-compass/pull/893
minrk,jupyterhub/zero-to-jupyterhub-k8s,jupyterhub/zero-to-jupyterhub-k8s,official_jupyter,included,recent_pr_activity,10,10,https://github.com/jupyterhub/zero-to-jupyterhub-k8s/pull/3832;https://github.com/jupyterhub/zero-to-jupyterhub-k8s/pull/3847;https://github.com/jupyterhub/zero-to-jupyterhub-k8s/pull/3854;https://github.com/jupyterhub/zero-to-jupyterhub-k8s/pull/3857;https://github.com/jupyterhub/zero-to-jupyterhub-k8s/pull/3858;https://github.com/jupyterhub/zero-to-jupyterhub-k8s/pull/3890;https://github.com/jupyterhub/zero-to-jupyterhub-k8s/pull/3891;https://github.com/jupyterhub/zero-to-jupyterhub-k8s/pull/3917;https://github.com/jupyterhub/zero-to-jupyterhub-k8s/pull/3919;https://github.com/jupyterhub/zero-to-jupyterhub-k8s/pull/3970
minrk,openmhealth/schemas,openmhealth/schemas,non_jupyter,included,recent_pr_activity,4,4,https://github.com/openmhealth/schemas/pull/36;https://github.com/openmhealth/schemas/pull/37;https://github.com/openmhealth/schemas/pull/39;https://github.com/openmhealth/schemas/pull/40
minrk,PyZMQ,zeromq/pyzmq,non_jupyter,included,recent_pr_activity,10,10,https://github.com/zeromq/pyzmq/pull/2157;https://github.com/zeromq/pyzmq/pull/2165;https://github.com/zeromq/pyzmq/pull/2166;https://github.com/zeromq/pyzmq/pull/2170;https://github.com/zeromq/pyzmq/pull/2171;https://github.com/zeromq/pyzmq/pull/2199;https://github.com/zeromq/pyzmq/pull/2208;https://github.com/zeromq/pyzmq/pull/2211;https://github.com/zeromq/pyzmq/pull/2212;https://github.com/zeromq/pyzmq/pull/2213
muffanuj,MUFFANUJ/jupyterlab,MUFFANUJ/jupyterlab,non_jupyter,excluded_fork,recent_pr_activity,5,2,https://github.com/MUFFANUJ/jupyterlab/pull/2;https://github.com/MUFFANUJ/jupyterlab/pull/3;https://github.com/MUFFANUJ/jupyterlab/pull/4;https://github.com/MUFFANUJ/jupyterlab/pull/8;https://github.com/MUFFANUJ/jupyterlab/pull/9
muffanuj,Mehak261124/AML_DL,Mehak261124/AML_DL,non_jupyter,unclassified_license,recent_pr_activity,6,6,https://github.com/Mehak261124/AML_DL/pull/1;https://github.com/Mehak261124/AML_DL/pull/2;https://github.com/Mehak261124/AML_DL/pull/3;https://github.com/Mehak261124/AML_DL/pull/4;https://github.com/Mehak261124/AML_DL/pull/5;https://github.com/Mehak261124/AML_DL/pull/6
muffanuj,Mehak261124/Memory_Management_Visualizer,Mehak261124/Memory_Management_Visualizer,non_jupyter,unclassified_license,recent_pr_activity,4,4,https://github.com/Mehak261124/Memory_Management_Visualizer/pull/1;https://github.com/Mehak261124/Memory_Management_Visualizer/pull/2;https://github.com/Mehak261124/Memory_Management_Visualizer/pull/3;https://github.com/Mehak261124/Memory_Management_Visualizer/pull/4
muffanuj,Mehak261124/Tetris,Mehak261124/Tetris,non_jupyter,unclassified_license,recent_pr_activity,8,8,https://github.com/Mehak261124/Tetris/pull/1;https://github.com/Mehak261124/Tetris/pull/2;https://github.com/Mehak261124/Tetris/pull/3;https://github.com/Mehak261124/Tetris/pull/4;https://github.com/Mehak261124/Tetris/pull/5;https://github.com/Mehak261124/Tetris/pull/6;https://github.com/Mehak261124/Tetris/pull/7;https://github.com/Mehak261124/Tetris/pull/8
muffanuj,JupyterLab Contrib,jupyterlab-contrib/jupyterlab-js-logs,adjacent_jupyter,included,recent_pr_activity,4,4,https://github.com/jupyterlab-contrib/jupyterlab-js-logs/pull/40;https://github.com/jupyterlab-contrib/jupyterlab-js-logs/pull/42;https://github.com/jupyterlab-contrib/jupyterlab-js-logs/pull/51;https://github.com/jupyterlab-contrib/jupyterlab-js-logs/pull/53
muffanuj,JupyterLab Contrib,jupyterlab-contrib/spellchecker,adjacent_jupyter,included,recent_pr_activity,3,3,https://github.com/jupyterlab-contrib/spellchecker/pull/147;https://github.com/jupyterlab-contrib/spellchecker/pull/148;https://github.com/jupyterlab-contrib/spellchecker/pull/149
muffanuj,jupyterlab/eslint-plugin,jupyterlab/eslint-plugin,official_jupyter,included,recent_pr_activity,7,6,https://github.com/jupyterlab/eslint-plugin/pull/77;https://github.com/jupyterlab/eslint-plugin/pull/86;https://github.com/jupyterlab/eslint-plugin/pull/101;https://github.com/jupyterlab/eslint-plugin/pull/106;https://github.com/jupyterlab/eslint-plugin/pull/119;https://github.com/jupyterlab/eslint-plugin/pull/120;https://github.com/jupyterlab/eslint-plugin/pull/125
muffanuj,jupyterlab/extension-examples,jupyterlab/extension-examples,official_jupyter,included,recent_pr_activity,4,1,https://github.com/jupyterlab/extension-examples/pull/288;https://github.com/jupyterlab/extension-examples/pull/290;https://github.com/jupyterlab/extension-examples/pull/293;https://github.com/jupyterlab/extension-examples/pull/296
muffanuj,jupyterlab/jupyter-chat,jupyterlab/jupyter-chat,official_jupyter,included,recent_pr_activity,6,4,https://github.com/jupyterlab/jupyter-chat/pull/415;https://github.com/jupyterlab/jupyter-chat/pull/417;https://github.com/jupyterlab/jupyter-chat/pull/418;https://github.com/jupyterlab/jupyter-chat/pull/419;https://github.com/jupyterlab/jupyter-chat/pull/437;https://github.com/jupyterlab/jupyter-chat/pull/442
muffanuj,jupyterlab/jupyterlab,jupyterlab/jupyterlab,official_jupyter,included,recent_pr_activity,101,78,https://github.com/jupyterlab/jupyterlab/pull/18328;https://github.com/jupyterlab/jupyterlab/pull/18388;https://github.com/jupyterlab/jupyterlab/pull/18390;https://github.com/jupyterlab/jupyterlab/pull/18393;https://github.com/jupyterlab/jupyterlab/pull/18398;https://github.com/jupyterlab/jupyterlab/pull/18430;https://github.com/jupyterlab/jupyterlab/pull/18438;https://github.com/jupyterlab/jupyterlab/pull/18478;https://github.com/jupyterlab/jupyterlab/pull/18480;https://github.com/jupyterlab/jupyterlab/pull/18555;https://github.com/jupyterlab/jupyterlab/pull/18579;https://github.com/jupyterlab/jupyterlab/pull/18586;https://github.com/jupyterlab/jupyterlab/pull/18604;https://github.com/jupyterlab/jupyterlab/pull/18656;https://github.com/jupyterlab/jupyterlab/pull/18659;https://github.com/jupyterlab/jupyterlab/pull/18726;https://github.com/jupyterlab/jupyterlab/pull/18808;https://github.com/jupyterlab/jupyterlab/pull/18809;https://github.com/jupyterlab/jupyterlab/pull/18813;https://github.com/jupyterlab/jupyterlab/pull/18845;https://github.com/jupyterlab/jupyterlab/pull/18847;https://github.com/jupyterlab/jupyterlab/pull/18848;https://github.com/jupyterlab/jupyterlab/pull/18856;https://github.com/jupyterlab/jupyterlab/pull/18858;https://github.com/jupyterlab/jupyterlab/pull/18859;https://github.com/jupyterlab/jupyterlab/pull/18864;https://github.com/jupyterlab/jupyterlab/pull/18865;https://github.com/jupyterlab/jupyterlab/pull/18869;https://github.com/jupyterlab/jupyterlab/pull/18876;https://github.com/jupyterlab/jupyterlab/pull/18974;https://github.com/jupyterlab/jupyterlab/pull/18976;https://github.com/jupyterlab/jupyterlab/pull/18977;https://github.com/jupyterlab/jupyterlab/pull/18980;https://github.com/jupyterlab/jupyterlab/pull/18985;https://github.com/jupyterlab/jupyterlab/pull/18992;https://github.com/jupyterlab/jupyterlab/pull/19000;https://github.com/jupyterlab/jupyterlab/pull/19006;https://github.com/jupyterlab/jupyterlab/pull/19007;https://github.com/jupyterlab/jupyterlab/pull/19008;https://github.com/jupyterlab/jupyterlab/pull/19009;https://github.com/jupyterlab/jupyterlab/pull/19015;https://github.com/jupyterlab/jupyterlab/pull/19016;https://github.com/jupyterlab/jupyterlab/pull/19017;https://github.com/jupyterlab/jupyterlab/pull/19024;https://github.com/jupyterlab/jupyterlab/pull/19025;https://github.com/jupyterlab/jupyterlab/pull/19029;https://github.com/jupyterlab/jupyterlab/pull/19030;https://github.com/jupyterlab/jupyterlab/pull/19033;https://github.com/jupyterlab/jupyterlab/pull/19044;https://github.com/jupyterlab/jupyterlab/pull/19053;https://github.com/jupyterlab/jupyterlab/pull/19059;https://github.com/jupyterlab/jupyterlab/pull/19063;https://github.com/jupyterlab/jupyterlab/pull/19065;https://github.com/jupyterlab/jupyterlab/pull/19067;https://github.com/jupyterlab/jupyterlab/pull/19076;https://github.com/jupyterlab/jupyterlab/pull/19121;https://github.com/jupyterlab/jupyterlab/pull/19130;https://github.com/jupyterlab/jupyterlab/pull/19133;https://github.com/jupyterlab/jupyterlab/pull/19135;https://github.com/jupyterlab/jupyterlab/pull/19136;https://github.com/jupyterlab/jupyterlab/pull/19137;https://github.com/jupyterlab/jupyterlab/pull/19138;https://github.com/jupyterlab/jupyterlab/pull/19143;https://github.com/jupyterlab/jupyterlab/pull/19144;https://github.com/jupyterlab/jupyterlab/pull/19148;https://github.com/jupyterlab/jupyterlab/pull/19149;https://github.com/jupyterlab/jupyterlab/pull/19150;https://github.com/jupyterlab/jupyterlab/pull/19151;https://github.com/jupyterlab/jupyterlab/pull/19152;https://github.com/jupyterlab/jupyterlab/pull/19164;https://github.com/jupyterlab/jupyterlab/pull/19167;https://github.com/jupyterlab/jupyterlab/pull/19168;https://github.com/jupyterlab/jupyterlab/pull/19169;https://github.com/jupyterlab/jupyterlab/pull/19171;https://github.com/jupyterlab/jupyterlab/pull/19174;https://github.com/jupyterlab/jupyterlab/pull/19196;https://github.com/jupyterlab/jupyterlab/pull/19197;https://github.com/jupyterlab/jupyterlab/pull/19198;https://github.com/jupyterlab/jupyterlab/pull/19231;https://github.com/jupyterlab/jupyterlab/pull/19243;https://github.com/jupyterlab/jupyterlab/pull/19380;https://github.com/jupyterlab/jupyterlab/pull/19403;https://github.com/jupyterlab/jupyterlab/pull/19516;https://github.com/jupyterlab/jupyterlab/pull/19527;https://github.com/jupyterlab/jupyterlab/pull/19557;https://github.com/jupyterlab/jupyterlab/pull/19581;https://github.com/jupyterlab/jupyterlab/pull/19583;https://github.com/jupyterlab/jupyterlab/pull/19613;https://github.com/jupyterlab/jupyterlab/pull/19627;https://github.com/jupyterlab/jupyterlab/pull/19665;https://github.com/jupyterlab/jupyterlab/pull/19677;https://github.com/jupyterlab/jupyterlab/pull/19751;https://github.com/jupyterlab/jupyterlab/pull/19757;https://github.com/jupyterlab/jupyterlab/pull/19763;https://github.com/jupyterlab/jupyterlab/pull/19764;https://github.com/jupyterlab/jupyterlab/pull/19808;https://github.com/jupyterlab/jupyterlab/pull/19815;https://github.com/jupyterlab/jupyterlab/pull/19940;https://github.com/jupyterlab/jupyterlab/pull/19949;https://github.com/jupyterlab/jupyterlab/pull/19950;https://github.com/jupyterlab/jupyterlab/pull/19951
muffanuj,jupyterlab/jupyterlab-git,jupyterlab/jupyterlab-git,official_jupyter,included,recent_pr_activity,6,0,https://github.com/jupyterlab/jupyterlab-git/pull/1477;https://github.com/jupyterlab/jupyterlab-git/pull/1482;https://github.com/jupyterlab/jupyterlab-git/pull/1527;https://github.com/jupyterlab/jupyterlab-git/pull/1528;https://github.com/jupyterlab/jupyterlab-git/pull/1530;https://github.com/jupyterlab/jupyterlab-git/pull/1540
muffanuj,jupyterlab/lumino,jupyterlab/lumino,official_jupyter,included,recent_pr_activity,5,4,https://github.com/jupyterlab/lumino/pull/793;https://github.com/jupyterlab/lumino/pull/823;https://github.com/jupyterlab/lumino/pull/834;https://github.com/jupyterlab/lumino/pull/835;https://github.com/jupyterlab/lumino/pull/843
muffanuj,jupyterlab/maintainer-tools,jupyterlab/maintainer-tools,official_jupyter,included,recent_pr_activity,4,1,https://github.com/jupyterlab/maintainer-tools/pull/296;https://github.com/jupyterlab/maintainer-tools/pull/297;https://github.com/jupyterlab/maintainer-tools/pull/298;https://github.com/jupyterlab/maintainer-tools/pull/301
muffanuj,jupyterlab/plugin-playground,jupyterlab/plugin-playground,official_jupyter,included,recent_pr_activity,83,79,https://github.com/jupyterlab/plugin-playground/pull/65;https://github.com/jupyterlab/plugin-playground/pull/69;https://github.com/jupyterlab/plugin-playground/pull/72;https://github.com/jupyterlab/plugin-playground/pull/76;https://github.com/jupyterlab/plugin-playground/pull/80;https://github.com/jupyterlab/plugin-playground/pull/81;https://github.com/jupyterlab/plugin-playground/pull/82;https://github.com/jupyterlab/plugin-playground/pull/84;https://github.com/jupyterlab/plugin-playground/pull/85;https://github.com/jupyterlab/plugin-playground/pull/86;https://github.com/jupyterlab/plugin-playground/pull/91;https://github.com/jupyterlab/plugin-playground/pull/97;https://github.com/jupyterlab/plugin-playground/pull/98;https://github.com/jupyterlab/plugin-playground/pull/102;https://github.com/jupyterlab/plugin-playground/pull/103;https://github.com/jupyterlab/plugin-playground/pull/104;https://github.com/jupyterlab/plugin-playground/pull/105;https://github.com/jupyterlab/plugin-playground/pull/109;https://github.com/jupyterlab/plugin-playground/pull/110;https://github.com/jupyterlab/plugin-playground/pull/112;https://github.com/jupyterlab/plugin-playground/pull/114;https://github.com/jupyterlab/plugin-playground/pull/115;https://github.com/jupyterlab/plugin-playground/pull/122;https://github.com/jupyterlab/plugin-playground/pull/123;https://github.com/jupyterlab/plugin-playground/pull/124;https://github.com/jupyterlab/plugin-playground/pull/127;https://github.com/jupyterlab/plugin-playground/pull/130;https://github.com/jupyterlab/plugin-playground/pull/131;https://github.com/jupyterlab/plugin-playground/pull/133;https://github.com/jupyterlab/plugin-playground/pull/135;https://github.com/jupyterlab/plugin-playground/pull/136;https://github.com/jupyterlab/plugin-playground/pull/137;https://github.com/jupyterlab/plugin-playground/pull/141;https://github.com/jupyterlab/plugin-playground/pull/142;https://github.com/jupyterlab/plugin-playground/pull/143;https://github.com/jupyterlab/plugin-playground/pull/147;https://github.com/jupyterlab/plugin-playground/pull/151;https://github.com/jupyterlab/plugin-playground/pull/152;https://github.com/jupyterlab/plugin-playground/pull/153;https://github.com/jupyterlab/plugin-playground/pull/159;https://github.com/jupyterlab/plugin-playground/pull/162;https://github.com/jupyterlab/plugin-playground/pull/165;https://github.com/jupyterlab/plugin-playground/pull/166;https://github.com/jupyterlab/plugin-playground/pull/167;https://github.com/jupyterlab/plugin-playground/pull/168;https://github.com/jupyterlab/plugin-playground/pull/170;https://github.com/jupyterlab/plugin-playground/pull/173;https://github.com/jupyterlab/plugin-playground/pull/177;https://github.com/jupyterlab/plugin-playground/pull/180;https://github.com/jupyterlab/plugin-playground/pull/181;https://github.com/jupyterlab/plugin-playground/pull/183;https://github.com/jupyterlab/plugin-playground/pull/187;https://github.com/jupyterlab/plugin-playground/pull/188;https://github.com/jupyterlab/plugin-playground/pull/190;https://github.com/jupyterlab/plugin-playground/pull/191;https://github.com/jupyterlab/plugin-playground/pull/192;https://github.com/jupyterlab/plugin-playground/pull/193;https://github.com/jupyterlab/plugin-playground/pull/197;https://github.com/jupyterlab/plugin-playground/pull/198;https://github.com/jupyterlab/plugin-playground/pull/200;https://github.com/jupyterlab/plugin-playground/pull/202;https://github.com/jupyterlab/plugin-playground/pull/208;https://github.com/jupyterlab/plugin-playground/pull/209;https://github.com/jupyterlab/plugin-playground/pull/210;https://github.com/jupyterlab/plugin-playground/pull/211;https://github.com/jupyterlab/plugin-playground/pull/212;https://github.com/jupyterlab/plugin-playground/pull/213;https://github.com/jupyterlab/plugin-playground/pull/214;https://github.com/jupyterlab/plugin-playground/pull/217;https://github.com/jupyterlab/plugin-playground/pull/218;https://github.com/jupyterlab/plugin-playground/pull/219;https://github.com/jupyterlab/plugin-playground/pull/223;https://github.com/jupyterlab/plugin-playground/pull/224;https://github.com/jupyterlab/plugin-playground/pull/225;https://github.com/jupyterlab/plugin-playground/pull/227;https://github.com/jupyterlab/plugin-playground/pull/231;https://github.com/jupyterlab/plugin-playground/pull/237;https://github.com/jupyterlab/plugin-playground/pull/241;https://github.com/jupyterlab/plugin-playground/pull/242;https://github.com/jupyterlab/plugin-playground/pull/245;https://github.com/jupyterlab/plugin-playground/pull/246;https://github.com/jupyterlab/plugin-playground/pull/248;https://github.com/jupyterlab/plugin-playground/pull/254
muffanuj,jupyterlite/ai,jupyterlite/ai,official_jupyter,included,recent_pr_activity,5,3,https://github.com/jupyterlite/ai/pull/319;https://github.com/jupyterlite/ai/pull/329;https://github.com/jupyterlite/ai/pull/347;https://github.com/jupyterlite/ai/pull/349;https://github.com/jupyterlite/ai/pull/350
muffanuj,Nebari,nebari-dev/data-science-pack,adjacent_jupyter,included,recent_pr_activity,4,1,https://github.com/nebari-dev/data-science-pack/pull/147;https://github.com/nebari-dev/data-science-pack/pull/242;https://github.com/nebari-dev/data-science-pack/pull/253;https://github.com/nebari-dev/data-science-pack/pull/254
muffanuj,Nebari,nebari-dev/jupyterlab-launchpad,adjacent_jupyter,included,recent_pr_activity,8,6,https://github.com/nebari-dev/jupyterlab-launchpad/pull/80;https://github.com/nebari-dev/jupyterlab-launchpad/pull/85;https://github.com/nebari-dev/jupyterlab-launchpad/pull/87;https://github.com/nebari-dev/jupyterlab-launchpad/pull/93;https://github.com/nebari-dev/jupyterlab-launchpad/pull/96;https://github.com/nebari-dev/jupyterlab-launchpad/pull/98;https://github.com/nebari-dev/jupyterlab-launchpad/pull/100;https://github.com/nebari-dev/jupyterlab-launchpad/pull/103
muffanuj,Nebari,nebari-dev/nb-nebi-kernels,adjacent_jupyter,included,recent_pr_activity,3,2,https://github.com/nebari-dev/nb-nebi-kernels/pull/5;https://github.com/nebari-dev/nb-nebi-kernels/pull/9;https://github.com/nebari-dev/nb-nebi-kernels/pull/16
muffanuj,Nebari,nebari-dev/nebari-landing,adjacent_jupyter,included,recent_pr_activity,9,2,https://github.com/nebari-dev/nebari-landing/pull/172;https://github.com/nebari-dev/nebari-landing/pull/176;https://github.com/nebari-dev/nebari-landing/pull/177;https://github.com/nebari-dev/nebari-landing/pull/184;https://github.com/nebari-dev/nebari-landing/pull/185;https://github.com/nebari-dev/nebari-landing/pull/186;https://github.com/nebari-dev/nebari-landing/pull/187;https://github.com/nebari-dev/nebari-landing/pull/188;https://github.com/nebari-dev/nebari-landing/pull/201
muffanuj,Nebari,nebari-dev/nebi,adjacent_jupyter,included,recent_pr_activity,35,29,https://github.com/nebari-dev/nebi/pull/363;https://github.com/nebari-dev/nebi/pull/364;https://github.com/nebari-dev/nebi/pull/365;https://github.com/nebari-dev/nebi/pull/366;https://github.com/nebari-dev/nebi/pull/367;https://github.com/nebari-dev/nebi/pull/382;https://github.com/nebari-dev/nebi/pull/383;https://github.com/nebari-dev/nebi/pull/414;https://github.com/nebari-dev/nebi/pull/415;https://github.com/nebari-dev/nebi/pull/424;https://github.com/nebari-dev/nebi/pull/428;https://github.com/nebari-dev/nebi/pull/460;https://github.com/nebari-dev/nebi/pull/463;https://github.com/nebari-dev/nebi/pull/465;https://github.com/nebari-dev/nebi/pull/466;https://github.com/nebari-dev/nebi/pull/467;https://github.com/nebari-dev/nebi/pull/474;https://github.com/nebari-dev/nebi/pull/476;https://github.com/nebari-dev/nebi/pull/478;https://github.com/nebari-dev/nebi/pull/481;https://github.com/nebari-dev/nebi/pull/488;https://github.com/nebari-dev/nebi/pull/493;https://github.com/nebari-dev/nebi/pull/494;https://github.com/nebari-dev/nebi/pull/503;https://github.com/nebari-dev/nebi/pull/515;https://github.com/nebari-dev/nebi/pull/538;https://github.com/nebari-dev/nebi/pull/561;https://github.com/nebari-dev/nebi/pull/562;https://github.com/nebari-dev/nebi/pull/580;https://github.com/nebari-dev/nebi/pull/581;https://github.com/nebari-dev/nebi/pull/583;https://github.com/nebari-dev/nebi/pull/588;https://github.com/nebari-dev/nebi/pull/593;https://github.com/nebari-dev/nebi/pull/594;https://github.com/nebari-dev/nebi/pull/601
muffanuj,pipe-cd/pipecd,pipe-cd/pipecd,non_jupyter,included,recent_pr_activity,3,0,https://github.com/pipe-cd/pipecd/pull/6421;https://github.com/pipe-cd/pipecd/pull/6422;https://github.com/pipe-cd/pipecd/pull/6466
muffanuj,yashgoyal0110/test-repo-3,yashgoyal0110/test-repo-3,non_jupyter,excluded_ancillary,recent_pr_activity,3,0,https://github.com/yashgoyal0110/test-repo-3/pull/24;https://github.com/yashgoyal0110/test-repo-3/pull/25;https://github.com/yashgoyal0110/test-repo-3/pull/26
rpwagner,rpwagner/credential-vault,rpwagner/credential-vault,non_jupyter,included,recent_pr_activity,14,14,https://github.com/rpwagner/credential-vault/pull/2;https://github.com/rpwagner/credential-vault/pull/3;https://github.com/rpwagner/credential-vault/pull/4;https://github.com/rpwagner/credential-vault/pull/6;https://github.com/rpwagner/credential-vault/pull/8;https://github.com/rpwagner/credential-vault/pull/9;https://github.com/rpwagner/credential-vault/pull/10;https://github.com/rpwagner/credential-vault/pull/11;https://github.com/rpwagner/credential-vault/pull/12;https://github.com/rpwagner/credential-vault/pull/13;https://github.com/rpwagner/credential-vault/pull/15;https://github.com/rpwagner/credential-vault/pull/16;https://github.com/rpwagner/credential-vault/pull/18;https://github.com/rpwagner/credential-vault/pull/20
rpwagner,rpwagner/hermes-agent,rpwagner/hermes-agent,non_jupyter,excluded_fork,recent_pr_activity,3,2,https://github.com/rpwagner/hermes-agent/pull/1;https://github.com/rpwagner/hermes-agent/pull/2;https://github.com/rpwagner/hermes-agent/pull/3
rpwagner,rpwagner/jupyter-ai-acp-client,rpwagner/jupyter-ai-acp-client,non_jupyter,excluded_fork,recent_pr_activity,4,0,https://github.com/rpwagner/jupyter-ai-acp-client/pull/1;https://github.com/rpwagner/jupyter-ai-acp-client/pull/2;https://github.com/rpwagner/jupyter-ai-acp-client/pull/3;https://github.com/rpwagner/jupyter-ai-acp-client/pull/4
rpwagner,rpwagner/jupyter-chat,rpwagner/jupyter-chat,non_jupyter,excluded_fork,recent_pr_activity,7,5,https://github.com/rpwagner/jupyter-chat/pull/1;https://github.com/rpwagner/jupyter-chat/pull/2;https://github.com/rpwagner/jupyter-chat/pull/3;https://github.com/rpwagner/jupyter-chat/pull/4;https://github.com/rpwagner/jupyter-chat/pull/5;https://github.com/rpwagner/jupyter-chat/pull/6;https://github.com/rpwagner/jupyter-chat/pull/7
rpwagner,rpwagner/keyrings.cryptfile,rpwagner/keyrings.cryptfile,non_jupyter,excluded_fork,recent_pr_activity,5,5,https://github.com/rpwagner/keyrings.cryptfile/pull/1;https://github.com/rpwagner/keyrings.cryptfile/pull/2;https://github.com/rpwagner/keyrings.cryptfile/pull/3;https://github.com/rpwagner/keyrings.cryptfile/pull/4;https://github.com/rpwagner/keyrings.cryptfile/pull/5
sylvaincorlay,QuantStack/quantstack.github.io,QuantStack/quantstack.github.io,non_jupyter,excluded_ancillary,recent_pr_activity,31,30,https://github.com/QuantStack/quantstack.github.io/pull/276;https://github.com/QuantStack/quantstack.github.io/pull/277;https://github.com/QuantStack/quantstack.github.io/pull/280;https://github.com/QuantStack/quantstack.github.io/pull/281;https://github.com/QuantStack/quantstack.github.io/pull/286;https://github.com/QuantStack/quantstack.github.io/pull/294;https://github.com/QuantStack/quantstack.github.io/pull/295;https://github.com/QuantStack/quantstack.github.io/pull/298;https://github.com/QuantStack/quantstack.github.io/pull/299;https://github.com/QuantStack/quantstack.github.io/pull/300;https://github.com/QuantStack/quantstack.github.io/pull/302;https://github.com/QuantStack/quantstack.github.io/pull/307;https://github.com/QuantStack/quantstack.github.io/pull/309;https://github.com/QuantStack/quantstack.github.io/pull/310;https://github.com/QuantStack/quantstack.github.io/pull/311;https://github.com/QuantStack/quantstack.github.io/pull/322;https://github.com/QuantStack/quantstack.github.io/pull/323;https://github.com/QuantStack/quantstack.github.io/pull/331;https://github.com/QuantStack/quantstack.github.io/pull/333;https://github.com/QuantStack/quantstack.github.io/pull/354;https://github.com/QuantStack/quantstack.github.io/pull/355;https://github.com/QuantStack/quantstack.github.io/pull/374;https://github.com/QuantStack/quantstack.github.io/pull/376;https://github.com/QuantStack/quantstack.github.io/pull/377;https://github.com/QuantStack/quantstack.github.io/pull/379;https://github.com/QuantStack/quantstack.github.io/pull/381;https://github.com/QuantStack/quantstack.github.io/pull/388;https://github.com/QuantStack/quantstack.github.io/pull/390;https://github.com/QuantStack/quantstack.github.io/pull/391;https://github.com/QuantStack/quantstack.github.io/pull/392;https://github.com/QuantStack/quantstack.github.io/pull/393
sylvaincorlay,GeoJupyter,geojupyter/jupytergis,adjacent_jupyter,included,recent_pr_activity,11,10,https://github.com/geojupyter/jupytergis/pull/1109;https://github.com/geojupyter/jupytergis/pull/1219;https://github.com/geojupyter/jupytergis/pull/1327;https://github.com/geojupyter/jupytergis/pull/1328;https://github.com/geojupyter/jupytergis/pull/1467;https://github.com/geojupyter/jupytergis/pull/1579;https://github.com/geojupyter/jupytergis/pull/1709;https://github.com/geojupyter/jupytergis/pull/1729;https://github.com/geojupyter/jupytergis/pull/1730;https://github.com/geojupyter/jupytergis/pull/1774;https://github.com/geojupyter/jupytergis/pull/1775
sylvaincorlay,jupyter-governance/funding-proposals,jupyter-governance/funding-proposals,official_jupyter,included,recent_pr_activity,5,5,https://github.com/jupyter-governance/funding-proposals/pull/26;https://github.com/jupyter-governance/funding-proposals/pull/31;https://github.com/jupyter-governance/funding-proposals/pull/33;https://github.com/jupyter-governance/funding-proposals/pull/35;https://github.com/jupyter-governance/funding-proposals/pull/76
terminalchai,Apertur3/headroom,Apertur3/headroom,non_jupyter,unclassified_license,recent_pr_activity,3,2,https://github.com/Apertur3/headroom/pull/112;https://github.com/Apertur3/headroom/pull/128;https://github.com/Apertur3/headroom/pull/129
terminalchai,Choices-js/Choices,Choices-js/Choices,non_jupyter,included,recent_pr_activity,3,3,https://github.com/Choices-js/Choices/pull/1384;https://github.com/Choices-js/Choices/pull/1391;https://github.com/Choices-js/Choices/pull/1400
terminalchai,Johin2/self-heal,Johin2/self-heal,non_jupyter,included,recent_pr_activity,3,3,https://github.com/Johin2/self-heal/pull/38;https://github.com/Johin2/self-heal/pull/43;https://github.com/Johin2/self-heal/pull/63
terminalchai,LiamProsser77/gronnfalk,LiamProsser77/gronnfalk,non_jupyter,included,recent_pr_activity,4,4,https://github.com/LiamProsser77/gronnfalk/pull/11;https://github.com/LiamProsser77/gronnfalk/pull/12;https://github.com/LiamProsser77/gronnfalk/pull/14;https://github.com/LiamProsser77/gronnfalk/pull/16
terminalchai,OlaGreat/NovaSupport,OlaGreat/NovaSupport,non_jupyter,included,recent_pr_activity,3,0,https://github.com/OlaGreat/NovaSupport/pull/125;https://github.com/OlaGreat/NovaSupport/pull/127;https://github.com/OlaGreat/NovaSupport/pull/132
terminalchai,PicadoLabs/build-with-ai,PicadoLabs/build-with-ai,non_jupyter,unclassified_license,recent_pr_activity,13,13,https://github.com/PicadoLabs/build-with-ai/pull/32;https://github.com/PicadoLabs/build-with-ai/pull/43;https://github.com/PicadoLabs/build-with-ai/pull/46;https://github.com/PicadoLabs/build-with-ai/pull/47;https://github.com/PicadoLabs/build-with-ai/pull/48;https://github.com/PicadoLabs/build-with-ai/pull/50;https://github.com/PicadoLabs/build-with-ai/pull/51;https://github.com/PicadoLabs/build-with-ai/pull/52;https://github.com/PicadoLabs/build-with-ai/pull/54;https://github.com/PicadoLabs/build-with-ai/pull/55;https://github.com/PicadoLabs/build-with-ai/pull/62;https://github.com/PicadoLabs/build-with-ai/pull/64;https://github.com/PicadoLabs/build-with-ai/pull/65
terminalchai,Shantanugupta43/SuggestPilot,Shantanugupta43/SuggestPilot,non_jupyter,included,recent_pr_activity,4,2,https://github.com/Shantanugupta43/SuggestPilot/pull/28;https://github.com/Shantanugupta43/SuggestPilot/pull/29;https://github.com/Shantanugupta43/SuggestPilot/pull/30;https://github.com/Shantanugupta43/SuggestPilot/pull/82
terminalchai,aio-libs/aiohttp,aio-libs/aiohttp,non_jupyter,included,recent_pr_activity,3,0,https://github.com/aio-libs/aiohttp/pull/12424;https://github.com/aio-libs/aiohttp/pull/12434;https://github.com/aio-libs/aiohttp/pull/12494
terminalchai,anomalyco/opencode,anomalyco/opencode,non_jupyter,included,recent_pr_activity,3,0,https://github.com/anomalyco/opencode/pull/22203;https://github.com/anomalyco/opencode/pull/22495;https://github.com/anomalyco/opencode/pull/28227
terminalchai,brianc/node-postgres,brianc/node-postgres,non_jupyter,included,recent_pr_activity,3,0,https://github.com/brianc/node-postgres/pull/3657;https://github.com/brianc/node-postgres/pull/3665;https://github.com/brianc/node-postgres/pull/3668
terminalchai,capad-xyz/searchts,capad-xyz/searchts,non_jupyter,included,recent_pr_activity,8,8,https://github.com/capad-xyz/searchts/pull/16;https://github.com/capad-xyz/searchts/pull/23;https://github.com/capad-xyz/searchts/pull/35;https://github.com/capad-xyz/searchts/pull/36;https://github.com/capad-xyz/searchts/pull/39;https://github.com/capad-xyz/searchts/pull/40;https://github.com/capad-xyz/searchts/pull/43;https://github.com/capad-xyz/searchts/pull/45
terminalchai,chahe-dridi/dev-setup,chahe-dridi/dev-setup,non_jupyter,excluded_ancillary,recent_pr_activity,3,0,https://github.com/chahe-dridi/dev-setup/pull/56;https://github.com/chahe-dridi/dev-setup/pull/58;https://github.com/chahe-dridi/dev-setup/pull/59
terminalchai,chahe-dridi/vscode-setup,chahe-dridi/vscode-setup,non_jupyter,excluded_ancillary,recent_pr_activity,6,5,https://github.com/chahe-dridi/vscode-setup/pull/48;https://github.com/chahe-dridi/vscode-setup/pull/50;https://github.com/chahe-dridi/vscode-setup/pull/51;https://github.com/chahe-dridi/vscode-setup/pull/52;https://github.com/chahe-dridi/vscode-setup/pull/53;https://github.com/chahe-dridi/vscode-setup/pull/54
terminalchai,eslint-community/eslint-plugin-n,eslint-community/eslint-plugin-n,non_jupyter,excluded_fork,recent_pr_activity,3,3,https://github.com/eslint-community/eslint-plugin-n/pull/519;https://github.com/eslint-community/eslint-plugin-n/pull/522;https://github.com/eslint-community/eslint-plugin-n/pull/532
terminalchai,future-agi/future-agi,future-agi/future-agi,non_jupyter,included,recent_pr_activity,4,0,https://github.com/future-agi/future-agi/pull/2223;https://github.com/future-agi/future-agi/pull/2251;https://github.com/future-agi/future-agi/pull/2266;https://github.com/future-agi/future-agi/pull/2279
terminalchai,gchq/CyberChef,gchq/CyberChef,non_jupyter,included,recent_pr_activity,3,0,https://github.com/gchq/CyberChef/pull/2318;https://github.com/gchq/CyberChef/pull/2375;https://github.com/gchq/CyberChef/pull/2435
terminalchai,hahwul/dalfox,hahwul/dalfox,non_jupyter,included,recent_pr_activity,3,3,https://github.com/hahwul/dalfox/pull/1210;https://github.com/hahwul/dalfox/pull/1307;https://github.com/hahwul/dalfox/pull/1358
terminalchai,jupyter-server/jupyter_server,jupyter-server/jupyter_server,official_jupyter,included,recent_pr_activity,4,3,https://github.com/jupyter-server/jupyter_server/pull/1611;https://github.com/jupyter-server/jupyter_server/pull/1620;https://github.com/jupyter-server/jupyter_server/pull/1629;https://github.com/jupyter-server/jupyter_server/pull/1642
terminalchai,kellyjonbrazil/jc,kellyjonbrazil/jc,non_jupyter,included,recent_pr_activity,3,0,https://github.com/kellyjonbrazil/jc/pull/700;https://github.com/kellyjonbrazil/jc/pull/704;https://github.com/kellyjonbrazil/jc/pull/706
terminalchai,lingdojo/kana-dojo,lingdojo/kana-dojo,non_jupyter,included,recent_pr_activity,3,3,https://github.com/lingdojo/kana-dojo/pull/10529;https://github.com/lingdojo/kana-dojo/pull/10619;https://github.com/lingdojo/kana-dojo/pull/10621
terminalchai,mikefarah/yq,mikefarah/yq,non_jupyter,included,recent_pr_activity,3,3,https://github.com/mikefarah/yq/pull/2634;https://github.com/mikefarah/yq/pull/2685;https://github.com/mikefarah/yq/pull/2704
terminalchai,nastaso/cloudcertprep,nastaso/cloudcertprep,non_jupyter,included,recent_pr_activity,13,10,https://github.com/nastaso/cloudcertprep/pull/48;https://github.com/nastaso/cloudcertprep/pull/49;https://github.com/nastaso/cloudcertprep/pull/68;https://github.com/nastaso/cloudcertprep/pull/86;https://github.com/nastaso/cloudcertprep/pull/87;https://github.com/nastaso/cloudcertprep/pull/129;https://github.com/nastaso/cloudcertprep/pull/199;https://github.com/nastaso/cloudcertprep/pull/200;https://github.com/nastaso/cloudcertprep/pull/205;https://github.com/nastaso/cloudcertprep/pull/211;https://github.com/nastaso/cloudcertprep/pull/217;https://github.com/nastaso/cloudcertprep/pull/246;https://github.com/nastaso/cloudcertprep/pull/255
terminalchai,orestbida/cookieconsent,orestbida/cookieconsent,non_jupyter,included,recent_pr_activity,3,1,https://github.com/orestbida/cookieconsent/pull/821;https://github.com/orestbida/cookieconsent/pull/825;https://github.com/orestbida/cookieconsent/pull/827
terminalchai,raineorshine/npm-check-updates,raineorshine/npm-check-updates,non_jupyter,included,recent_pr_activity,8,7,https://github.com/raineorshine/npm-check-updates/pull/1606;https://github.com/raineorshine/npm-check-updates/pull/1675;https://github.com/raineorshine/npm-check-updates/pull/1710;https://github.com/raineorshine/npm-check-updates/pull/1725;https://github.com/raineorshine/npm-check-updates/pull/1738;https://github.com/raineorshine/npm-check-updates/pull/1769;https://github.com/raineorshine/npm-check-updates/pull/1770;https://github.com/raineorshine/npm-check-updates/pull/1771
terminalchai,shoelace-style/webawesome,shoelace-style/webawesome,non_jupyter,included,recent_pr_activity,4,3,https://github.com/shoelace-style/webawesome/pull/2133;https://github.com/shoelace-style/webawesome/pull/2270;https://github.com/shoelace-style/webawesome/pull/2281;https://github.com/shoelace-style/webawesome/pull/2381
terminalchai,skrun-dev/skrun,skrun-dev/skrun,non_jupyter,included,recent_pr_activity,3,0,https://github.com/skrun-dev/skrun/pull/5;https://github.com/skrun-dev/skrun/pull/6;https://github.com/skrun-dev/skrun/pull/10
terminalchai,tabler/tabler,tabler/tabler,non_jupyter,included,recent_pr_activity,3,3,https://github.com/tabler/tabler/pull/2626;https://github.com/tabler/tabler/pull/2642;https://github.com/tabler/tabler/pull/2644
terminalchai,unjs/ufo,unjs/ufo,non_jupyter,included,recent_pr_activity,3,0,https://github.com/unjs/ufo/pull/318;https://github.com/unjs/ufo/pull/323;https://github.com/unjs/ufo/pull/327
yann-p,Glocus26/Pendu-Multijoueur,Glocus26/Pendu-Multijoueur,non_jupyter,unclassified_license,recent_pr_activity,3,3,https://github.com/Glocus26/Pendu-Multijoueur/pull/2;https://github.com/Glocus26/Pendu-Multijoueur/pull/3;https://github.com/Glocus26/Pendu-Multijoueur/pull/4
yann-p,Yann-P/papyri,Yann-P/papyri,non_jupyter,excluded_fork,recent_pr_activity,4,1,https://github.com/Yann-P/papyri/pull/1;https://github.com/Yann-P/papyri/pull/2;https://github.com/Yann-P/papyri/pull/3;https://github.com/Yann-P/papyri/pull/4
yann-p,Yann-P/pydata-sphinx-theme,Yann-P/pydata-sphinx-theme,non_jupyter,excluded_fork,recent_pr_activity,4,0,https://github.com/Yann-P/pydata-sphinx-theme/pull/1;https://github.com/Yann-P/pydata-sphinx-theme/pull/5;https://github.com/Yann-P/pydata-sphinx-theme/pull/6;https://github.com/Yann-P/pydata-sphinx-theme/pull/7
yann-p,jupyter-governance/funding-proposals,jupyter-governance/funding-proposals,official_jupyter,included,recent_pr_activity,5,5,https://github.com/jupyter-governance/funding-proposals/pull/32;https://github.com/jupyter-governance/funding-proposals/pull/36;https://github.com/jupyter-governance/funding-proposals/pull/55;https://github.com/jupyter-governance/funding-proposals/pull/81;https://github.com/jupyter-governance/funding-proposals/pull/82
yann-p,jupyter-server/jupyter_server,jupyter-server/jupyter_server,official_jupyter,included,recent_pr_activity,8,8,https://github.com/jupyter-server/jupyter_server/pull/1618;https://github.com/jupyter-server/jupyter_server/pull/1634;https://github.com/jupyter-server/jupyter_server/pull/1636;https://github.com/jupyter-server/jupyter_server/pull/1643;https://github.com/jupyter-server/jupyter_server/pull/1653;https://github.com/jupyter-server/jupyter_server/pull/1659;https://github.com/jupyter-server/jupyter_server/pull/1665;https://github.com/jupyter-server/jupyter_server/pull/1681
yann-p,jupyter/jupyter.github.io,jupyter/jupyter.github.io,official_jupyter,included,recent_pr_activity,5,5,https://github.com/jupyter/jupyter.github.io/pull/849;https://github.com/jupyter/jupyter.github.io/pull/850;https://github.com/jupyter/jupyter.github.io/pull/855;https://github.com/jupyter/jupyter.github.io/pull/879;https://github.com/jupyter/jupyter.github.io/pull/880
yann-p,jupyter/security,jupyter/security,official_jupyter,included,recent_pr_activity,5,5,https://github.com/jupyter/security/pull/120;https://github.com/jupyter/security/pull/122;https://github.com/jupyter/security/pull/128;https://github.com/jupyter/security/pull/130;https://github.com/jupyter/security/pull/136
yann-p,jupyterlab/jupyterlab,jupyterlab/jupyterlab,official_jupyter,included,recent_pr_activity,3,3,https://github.com/jupyterlab/jupyterlab/pull/18765;https://github.com/jupyterlab/jupyterlab/pull/19003;https://github.com/jupyterlab/jupyterlab/pull/19013
yann-p,PyData Sphinx Theme,pydata/pydata-sphinx-theme,non_jupyter,included,recent_pr_activity,38,34,https://github.com/pydata/pydata-sphinx-theme/pull/2321;https://github.com/pydata/pydata-sphinx-theme/pull/2327;https://github.com/pydata/pydata-sphinx-theme/pull/2329;https://github.com/pydata/pydata-sphinx-theme/pull/2334;https://github.com/pydata/pydata-sphinx-theme/pull/2336;https://github.com/pydata/pydata-sphinx-theme/pull/2352;https://github.com/pydata/pydata-sphinx-theme/pull/2355;https://github.com/pydata/pydata-sphinx-theme/pull/2366;https://github.com/pydata/pydata-sphinx-theme/pull/2368;https://github.com/pydata/pydata-sphinx-theme/pull/2380;https://github.com/pydata/pydata-sphinx-theme/pull/2381;https://github.com/pydata/pydata-sphinx-theme/pull/2382;https://github.com/pydata/pydata-sphinx-theme/pull/2386;https://github.com/pydata/pydata-sphinx-theme/pull/2392;https://github.com/pydata/pydata-sphinx-theme/pull/2393;https://github.com/pydata/pydata-sphinx-theme/pull/2394;https://github.com/pydata/pydata-sphinx-theme/pull/2403;https://github.com/pydata/pydata-sphinx-theme/pull/2410;https://github.com/pydata/pydata-sphinx-theme/pull/2412;https://github.com/pydata/pydata-sphinx-theme/pull/2414;https://github.com/pydata/pydata-sphinx-theme/pull/2415;https://github.com/pydata/pydata-sphinx-theme/pull/2416;https://github.com/pydata/pydata-sphinx-theme/pull/2426;https://github.com/pydata/pydata-sphinx-theme/pull/2427;https://github.com/pydata/pydata-sphinx-theme/pull/2430;https://github.com/pydata/pydata-sphinx-theme/pull/2436;https://github.com/pydata/pydata-sphinx-theme/pull/2437;https://github.com/pydata/pydata-sphinx-theme/pull/2438;https://github.com/pydata/pydata-sphinx-theme/pull/2442;https://github.com/pydata/pydata-sphinx-theme/pull/2472;https://github.com/pydata/pydata-sphinx-theme/pull/2487;https://github.com/pydata/pydata-sphinx-theme/pull/2491;https://github.com/pydata/pydata-sphinx-theme/pull/2494;https://github.com/pydata/pydata-sphinx-theme/pull/2500;https://github.com/pydata/pydata-sphinx-theme/pull/2501;https://github.com/pydata/pydata-sphinx-theme/pull/2506;https://github.com/pydata/pydata-sphinx-theme/pull/2507;https://github.com/pydata/pydata-sphinx-theme/pull/2508
zsailer,Jupyter AI Contrib,jupyter-ai-contrib/jupyter-server-documents,adjacent_jupyter,included,recent_pr_activity,12,5,https://github.com/jupyter-ai-contrib/jupyter-server-documents/pull/222;https://github.com/jupyter-ai-contrib/jupyter-server-documents/pull/224;https://github.com/jupyter-ai-contrib/jupyter-server-documents/pull/229;https://github.com/jupyter-ai-contrib/jupyter-server-documents/pull/231;https://github.com/jupyter-ai-contrib/jupyter-server-documents/pull/232;https://github.com/jupyter-ai-contrib/jupyter-server-documents/pull/248;https://github.com/jupyter-ai-contrib/jupyter-server-documents/pull/256;https://github.com/jupyter-ai-contrib/jupyter-server-documents/pull/321;https://github.com/jupyter-ai-contrib/jupyter-server-documents/pull/323;https://github.com/jupyter-ai-contrib/jupyter-server-documents/pull/324;https://github.com/jupyter-ai-contrib/jupyter-server-documents/pull/326;https://github.com/jupyter-ai-contrib/jupyter-server-documents/pull/341
zsailer,jupyterlab/jupyter-chat,jupyterlab/jupyter-chat,official_jupyter,included,recent_pr_activity,5,1,https://github.com/jupyterlab/jupyter-chat/pull/420;https://github.com/jupyterlab/jupyter-chat/pull/421;https://github.com/jupyterlab/jupyter-chat/pull/431;https://github.com/jupyterlab/jupyter-chat/pull/432;https://github.com/jupyterlab/jupyter-chat/pull/434
